--
-- PostgreSQL database dump
--

\restrict 4CAwaZcalTEr00wfqBp7R4QTmcRgtfj77SgCnYcV85s5drqTbwriWZd13e9IuQw

-- Dumped from database version 17.10
-- Dumped by pg_dump version 17.10

-- Started on 2026-07-10 22:11:38

SET statement_timeout = 0;
SET lock_timeout = 0;
SET idle_in_transaction_session_timeout = 0;
SET transaction_timeout = 0;
SET client_encoding = 'UTF8';
SET standard_conforming_strings = on;
SELECT pg_catalog.set_config('search_path', '', false);
SET check_function_bodies = false;
SET xmloption = content;
SET client_min_messages = warning;
SET row_security = off;

--
-- TOC entry 6 (class 2615 OID 16713)
-- Name: pgagent; Type: SCHEMA; Schema: -; Owner: postgres
--

CREATE SCHEMA pgagent;


ALTER SCHEMA pgagent OWNER TO postgres;

--
-- TOC entry 5141 (class 0 OID 0)
-- Dependencies: 6
-- Name: SCHEMA pgagent; Type: COMMENT; Schema: -; Owner: postgres
--

COMMENT ON SCHEMA pgagent IS 'pgAgent system tables';


SET default_tablespace = '';

SET default_table_access_method = heap;

--
-- TOC entry 221 (class 1259 OID 16424)
-- Name: cargo; Type: TABLE; Schema: public; Owner: postgres
--

CREATE TABLE public.cargo (
    id_cargo character varying(20) NOT NULL,
    nombre_cargo character varying(20) NOT NULL,
    descripcion character varying(100) DEFAULT 'No hay información'::character varying,
    labor character varying(30) NOT NULL
);


ALTER TABLE public.cargo OWNER TO postgres;

--
-- TOC entry 223 (class 1259 OID 16440)
-- Name: categoria; Type: TABLE; Schema: public; Owner: postgres
--

CREATE TABLE public.categoria (
    id_categoria character varying(20) NOT NULL,
    nombre_categoria character varying(20) NOT NULL,
    descripcion character varying(100) DEFAULT 'No hay información disponible'::character varying
);


ALTER TABLE public.categoria OWNER TO postgres;

--
-- TOC entry 219 (class 1259 OID 16411)
-- Name: cliente; Type: TABLE; Schema: public; Owner: postgres
--

CREATE TABLE public.cliente (
    cedula_cliente character varying(20) NOT NULL,
    nombre character varying(20) NOT NULL,
    apellido character varying(20) NOT NULL,
    telefono character varying(20) NOT NULL
);


ALTER TABLE public.cliente OWNER TO postgres;

--
-- TOC entry 233 (class 1259 OID 16599)
-- Name: detalle_pedido; Type: TABLE; Schema: public; Owner: postgres
--

CREATE TABLE public.detalle_pedido (
    id_detalle character varying(20) NOT NULL,
    id_pedido character varying(20) NOT NULL,
    id_producto character varying(20) NOT NULL,
    cantidad_producto integer NOT NULL,
    precio_unitario numeric(10,2) NOT NULL,
    subtotal numeric(10,2) NOT NULL,
    observaciones character varying(20) DEFAULT 'No hay observaciones'::character varying,
    CONSTRAINT detalle_pedido_cantidad_producto_check CHECK ((cantidad_producto > 0)),
    CONSTRAINT detalle_pedido_precio_unitario_check CHECK ((precio_unitario >= (0)::numeric)),
    CONSTRAINT detalle_pedido_subtotal_check CHECK ((subtotal >= (0)::numeric))
);


ALTER TABLE public.detalle_pedido OWNER TO postgres;

--
-- TOC entry 239 (class 1259 OID 16696)
-- Name: detalle_pedido_prov; Type: TABLE; Schema: public; Owner: postgres
--

CREATE TABLE public.detalle_pedido_prov (
    id_detalle_prov character varying(20) NOT NULL,
    id_pedido_prov character varying(20) NOT NULL,
    id_ingrediente character varying(20) NOT NULL,
    cantidad_solicitada numeric(10,2) NOT NULL,
    precio_compra numeric(10,2) NOT NULL,
    CONSTRAINT detalle_pedido_prov_cantidad_solicitada_check CHECK ((cantidad_solicitada > (0)::numeric)),
    CONSTRAINT detalle_pedido_prov_precio_compra_check CHECK ((precio_compra > (0)::numeric))
);


ALTER TABLE public.detalle_pedido_prov OWNER TO postgres;

--
-- TOC entry 229 (class 1259 OID 16507)
-- Name: empleado; Type: TABLE; Schema: public; Owner: postgres
--

CREATE TABLE public.empleado (
    cedula_empleado character varying(20) NOT NULL,
    id_cargo character varying(20) NOT NULL,
    id_turno character varying(20) NOT NULL,
    id_sede character varying(20) NOT NULL,
    nombre character varying(30) NOT NULL,
    apellido character varying(30) NOT NULL,
    celular character varying(20) NOT NULL,
    direccion character varying(50) NOT NULL,
    correo character varying(30) NOT NULL,
    fecha_nacimiento date NOT NULL,
    fecha_contratacion date NOT NULL,
    salario numeric(10,2) NOT NULL,
    tipo_contrato character varying(20) NOT NULL,
    eps character varying(20) DEFAULT 'No aplica'::character varying,
    arl character varying(20) NOT NULL,
    estado_empleado character varying(20) NOT NULL,
    CONSTRAINT empleado_salario_check CHECK ((salario > (0)::numeric))
);


ALTER TABLE public.empleado OWNER TO postgres;

--
-- TOC entry 230 (class 1259 OID 16531)
-- Name: factura; Type: TABLE; Schema: public; Owner: postgres
--

CREATE TABLE public.factura (
    id_factura character varying(20) NOT NULL,
    cedula_cliente character varying(20),
    numero_factura character varying(20) NOT NULL,
    fecha_factura date NOT NULL,
    hora_factura time without time zone NOT NULL,
    subtotal numeric(10,2) NOT NULL,
    impuestos numeric(10,2) DEFAULT 0,
    propina numeric(10,2) DEFAULT 0,
    total numeric(10,2) NOT NULL,
    resolucion_dian character varying(20) NOT NULL,
    nit_empresa character varying(20) NOT NULL,
    CONSTRAINT factura_impuestos_check CHECK ((impuestos >= (0)::numeric)),
    CONSTRAINT factura_propina_check CHECK ((propina >= (0)::numeric)),
    CONSTRAINT factura_subtotal_check CHECK ((subtotal >= (0)::numeric)),
    CONSTRAINT factura_total_check CHECK ((total >= (0)::numeric))
);


ALTER TABLE public.factura OWNER TO postgres;

--
-- TOC entry 224 (class 1259 OID 16448)
-- Name: ingrediente; Type: TABLE; Schema: public; Owner: postgres
--

CREATE TABLE public.ingrediente (
    id_ingrediente character varying(20) NOT NULL,
    nombre_ingrediente character varying(20) NOT NULL,
    unidad_medida character varying(20) NOT NULL,
    stock_minimo numeric(10,2) NOT NULL,
    estado_ingrediente character varying(20) DEFAULT 'No hay información'::character varying,
    CONSTRAINT ingrediente_stock_minimo_check CHECK ((stock_minimo >= (0)::numeric))
);


ALTER TABLE public.ingrediente OWNER TO postgres;

--
-- TOC entry 236 (class 1259 OID 16650)
-- Name: ingreso_inventario; Type: TABLE; Schema: public; Owner: postgres
--

CREATE TABLE public.ingreso_inventario (
    id_ingreso character varying(20) NOT NULL,
    nit_proveedor character varying(20) NOT NULL,
    id_inventario character varying(20) NOT NULL,
    fecha_ingreso date NOT NULL,
    hora_ingreso time without time zone NOT NULL,
    cantidad_ingresada numeric(10,2) NOT NULL,
    numero_factura character varying(20) NOT NULL,
    CONSTRAINT ingreso_inventario_cantidad_ingresada_check CHECK ((cantidad_ingresada > (0)::numeric))
);


ALTER TABLE public.ingreso_inventario OWNER TO postgres;

--
-- TOC entry 235 (class 1259 OID 16634)
-- Name: inventario; Type: TABLE; Schema: public; Owner: postgres
--

CREATE TABLE public.inventario (
    id_inventario character varying(20) NOT NULL,
    id_ingrediente character varying(20) NOT NULL,
    id_sede character varying(20) NOT NULL,
    cantidad_disponible numeric(10,2) NOT NULL,
    fecha_actualizacion date NOT NULL,
    CONSTRAINT inventario_cantidad_disponible_check CHECK ((cantidad_disponible >= (0)::numeric))
);


ALTER TABLE public.inventario OWNER TO postgres;

--
-- TOC entry 227 (class 1259 OID 16478)
-- Name: mesa; Type: TABLE; Schema: public; Owner: postgres
--

CREATE TABLE public.mesa (
    id_mesa character varying(20) NOT NULL,
    id_sede character varying(20) NOT NULL,
    numero_mesa integer,
    capacidad integer,
    CONSTRAINT mesa_capacidad_check CHECK (((capacidad >= 1) AND (capacidad <= 10))),
    CONSTRAINT mesa_numero_mesa_check CHECK (((numero_mesa >= 1) AND (numero_mesa <= 40)))
);


ALTER TABLE public.mesa OWNER TO postgres;

--
-- TOC entry 226 (class 1259 OID 16472)
-- Name: metodo_pago; Type: TABLE; Schema: public; Owner: postgres
--

CREATE TABLE public.metodo_pago (
    id_metodo_pago character varying(20) NOT NULL,
    nombre_metodo character varying(20) NOT NULL,
    descripcion character varying(100) DEFAULT 'N/A'::character varying
);


ALTER TABLE public.metodo_pago OWNER TO postgres;

--
-- TOC entry 237 (class 1259 OID 16666)
-- Name: pago; Type: TABLE; Schema: public; Owner: postgres
--

CREATE TABLE public.pago (
    id_pago character varying(20) NOT NULL,
    id_factura character varying(20) NOT NULL,
    id_metodo_pago character varying(20) NOT NULL,
    valor_pago numeric(10,2) NOT NULL,
    fecha_pago timestamp without time zone NOT NULL,
    referencia_pago character varying(20) NOT NULL,
    CONSTRAINT pago_valor_pago_check CHECK ((valor_pago > (0)::numeric))
);


ALTER TABLE public.pago OWNER TO postgres;

--
-- TOC entry 232 (class 1259 OID 16564)
-- Name: pedido; Type: TABLE; Schema: public; Owner: postgres
--

CREATE TABLE public.pedido (
    id_pedido character varying(20) NOT NULL,
    id_empleado character varying(20) NOT NULL,
    id_mesa character varying(20),
    id_factura character varying(20) NOT NULL,
    id_plataforma character varying(20),
    cedula_cliente character varying(20),
    fecha_pedido date NOT NULL,
    hora_pedido time without time zone NOT NULL,
    tipo_pedido character varying(20) NOT NULL,
    estado_pedido character varying(20) NOT NULL,
    subtotal numeric(10,2) NOT NULL,
    impuestos numeric(10,2) NOT NULL,
    propina numeric(10,2) NOT NULL,
    total numeric(10,2) NOT NULL,
    observaciones character varying(20) DEFAULT 'N/A'::character varying,
    CONSTRAINT pedido_impuestos_check CHECK ((impuestos >= (0)::numeric)),
    CONSTRAINT pedido_propina_check CHECK ((propina >= (0)::numeric)),
    CONSTRAINT pedido_subtotal_check CHECK ((subtotal >= (0)::numeric)),
    CONSTRAINT pedido_total_check CHECK ((total >= (0)::numeric))
);


ALTER TABLE public.pedido OWNER TO postgres;

--
-- TOC entry 238 (class 1259 OID 16684)
-- Name: pedido_proveedor; Type: TABLE; Schema: public; Owner: postgres
--

CREATE TABLE public.pedido_proveedor (
    id_pedido_prov character varying(20) NOT NULL,
    nit_proveedor character varying(20) NOT NULL,
    fecha_pedido date NOT NULL,
    estado character varying(20) DEFAULT 'pendiente'::character varying,
    total_pedido numeric(10,2) NOT NULL,
    CONSTRAINT pedido_proveedor_total_pedido_check CHECK ((total_pedido >= (0)::numeric))
);


ALTER TABLE public.pedido_proveedor OWNER TO postgres;

--
-- TOC entry 222 (class 1259 OID 16430)
-- Name: plataforma_domicilio; Type: TABLE; Schema: public; Owner: postgres
--

CREATE TABLE public.plataforma_domicilio (
    id_plataforma character varying(20) NOT NULL,
    nombre_plataforma character varying(20) NOT NULL,
    telefono_soporte character varying(20) NOT NULL,
    pagina_web character varying(20) DEFAULT NULL::character varying
);


ALTER TABLE public.plataforma_domicilio OWNER TO postgres;

--
-- TOC entry 231 (class 1259 OID 16549)
-- Name: producto; Type: TABLE; Schema: public; Owner: postgres
--

CREATE TABLE public.producto (
    id_producto character varying(20) NOT NULL,
    id_categoria character varying(20) NOT NULL,
    nombre_producto character varying(20) NOT NULL,
    descripcion character varying(100) DEFAULT 'No hay información disponible'::character varying,
    precio numeric(10,2) NOT NULL,
    estado_producto character varying(20) DEFAULT 'No hay información'::character varying,
    CONSTRAINT producto_precio_check CHECK ((precio > (0)::numeric))
);


ALTER TABLE public.producto OWNER TO postgres;

--
-- TOC entry 234 (class 1259 OID 16618)
-- Name: producto_ingrediente; Type: TABLE; Schema: public; Owner: postgres
--

CREATE TABLE public.producto_ingrediente (
    id_producto character varying(20) NOT NULL,
    id_ingrediente character varying(20) NOT NULL,
    cantidad_utilizada numeric(10,2) NOT NULL,
    CONSTRAINT producto_ingrediente_cantidad_utilizada_check CHECK ((cantidad_utilizada > (0)::numeric))
);


ALTER TABLE public.producto_ingrediente OWNER TO postgres;

--
-- TOC entry 225 (class 1259 OID 16457)
-- Name: proveedor; Type: TABLE; Schema: public; Owner: postgres
--

CREATE TABLE public.proveedor (
    nit_proveedor character varying(20) NOT NULL,
    nombre_proveedor character varying(20) NOT NULL,
    telefono character varying(20) NOT NULL,
    direccion character varying(50) NOT NULL,
    correo character varying(30) NOT NULL,
    tipo_proveedor character varying(20) DEFAULT 'N/A'::character varying,
    estado_proveedor character varying(20) DEFAULT 'No hay información'::character varying
);


ALTER TABLE public.proveedor OWNER TO postgres;

--
-- TOC entry 228 (class 1259 OID 16490)
-- Name: reserva; Type: TABLE; Schema: public; Owner: postgres
--

CREATE TABLE public.reserva (
    id_reserva character varying(20) NOT NULL,
    cedula_cliente character varying(20) NOT NULL,
    id_mesa character varying(20) NOT NULL,
    fecha_reserva date NOT NULL,
    hora_reserva time without time zone NOT NULL,
    cantidad_personas integer,
    estado_reserva character varying(20) NOT NULL,
    observaciones character varying(30) DEFAULT 'N/A'::character varying,
    CONSTRAINT reserva_cantidad_personas_check CHECK ((cantidad_personas >= 1))
);


ALTER TABLE public.reserva OWNER TO postgres;

--
-- TOC entry 218 (class 1259 OID 16400)
-- Name: sede; Type: TABLE; Schema: public; Owner: postgres
--

CREATE TABLE public.sede (
    id_sede character varying(20) NOT NULL,
    nombre_sede character varying(30) NOT NULL,
    direccion character varying(30) NOT NULL,
    telefono character varying(20) NOT NULL
);


ALTER TABLE public.sede OWNER TO postgres;

--
-- TOC entry 220 (class 1259 OID 16418)
-- Name: turno; Type: TABLE; Schema: public; Owner: postgres
--

CREATE TABLE public.turno (
    id_turno character varying(20) NOT NULL,
    tipo_turno character varying(20) NOT NULL,
    hora_inicio time without time zone NOT NULL,
    hora_fin time without time zone NOT NULL,
    CONSTRAINT turno_check CHECK ((hora_fin > hora_inicio))
);


ALTER TABLE public.turno OWNER TO postgres;

--
-- TOC entry 5117 (class 0 OID 16424)
-- Dependencies: 221
-- Data for Name: cargo; Type: TABLE DATA; Schema: public; Owner: postgres
--

COPY public.cargo (id_cargo, nombre_cargo, descripcion, labor) FROM stdin;
0010	Mesero	No hay información	servir comida
0011	Cocinero	No hay información	cocinar comida
0001	Administrador	No hay información	Administrar sedes
0000	Gerente	No hay información	CEO de la empresa
0099	Recursos Humanos	No hay información	Asuntos internos
9991	Auditor	No hay información	Evaluacion de procesos
9992	Salud y seguridad	No hay información	Chequeos de salud y seguridad
\.


--
-- TOC entry 5119 (class 0 OID 16440)
-- Dependencies: 223
-- Data for Name: categoria; Type: TABLE DATA; Schema: public; Owner: postgres
--

COPY public.categoria (id_categoria, nombre_categoria, descripcion) FROM stdin;
\.


--
-- TOC entry 5115 (class 0 OID 16411)
-- Dependencies: 219
-- Data for Name: cliente; Type: TABLE DATA; Schema: public; Owner: postgres
--

COPY public.cliente (cedula_cliente, nombre, apellido, telefono) FROM stdin;
824874363	Elena	Perez	3181832421
229494902	Jose	Bermudez	3167871331
78934737	Jose	Ramirez	3137379965
687430270	Angela	Giraldo	3135581223
780902343	Jorge	Rodriguez	3107048281
1069817199	Oscar	Ortiz	3182473178
600620971	Elena	Osorio	3167444313
211209005	Ana	Rojas	3123754330
472382781	Carolina	Cardona	3500699016
437000596	Diana	Correa	3166670106
483392624	Adriana	Franco	3007527354
307065154	Ricardo	Correa	3144713493
499407815	Ana	Silva	3172316658
706391871	Natalia	Gutierrez	3174746872
360904183	Santiago	Medina	3504271094
316814401	Ricardo	Zuluaga	3229638346
481619987	Adriana	Ramirez	3227347143
804957572	Maria	Franco	3007991183
466612023	David	Mendoza	3131232812
539628540	Sandra	Vargas	3178501429
226898920	Mariana	Gutierrez	3006562729
422936598	Juan	Gutierrez	3105674680
278062140	Manuel	Perez	3053226025
377517440	Diego	Ramirez	3141241182
589708537	Elena	Ramirez	3124624751
1082090968	Verónica	Diaz	3211937452
509914620	Adriana	Agudelo	3221693406
639595552	Nicolas	Guzman	3163315869
1104199380	Sandra	Herrera	3217752047
606724164	Manuel	Palacios	3509373467
983691209	Fernando	Mendoza	3206036690
501876988	Elena	Gutierrez	3006797403
309655412	Valentina	Vasquez	3176319314
338224239	Alejandro	Ceballos	3001128059
748639288	Jorge	Henao	3214016400
910911954	Santiago	Lopez	3200143634
606943772	Natalia	Duque	3202628498
23955983	Manuel	Gallego	3012499471
1002696249	Jorge	Herrera	3229413435
825887678	Juan	Medina	3028227824
111181642	Héctor	Suarez	3116541458
209170184	Patricia	Salazar	3143039117
578054227	Oscar	Saenz	3130196556
63710184	Valentina	Restrepo	3148932528
995376852	javier	Palacios	3107874296
108407116	Felipe	Gallego	3177054668
732831292	claudia	Correa	3225067165
916581620	javier	Vasquez	3029065940
463082198	Elena	Jimenez	3149909133
73989047	Alejandro	Zuluaga	3122016328
509635468	Paula	Castillo	3150983930
859613032	Gabriel	Luna	3151823374
179222132	Angela	Osorio	3049399091
930054627	Carlos	Jimenez	3057204653
159368553	Martha	Palacios	3204648877
103309105	Sandra	Vasquez	3134935348
631455910	Gabriel	Jaramillo	3211756551
181351960	Verónica	Diaz	3210805310
871494829	Adriana	Martinez	3220957015
916070220	Santiago	Guzman	3151333872
479521477	Patricia	Gallego	3107849808
584969167	Andres	Restrepo	3205564641
309853838	Andres	Rios	3041671902
583330498	Elena	Rodriguez	3200831727
480987740	Héctor	Diaz	3027693676
489341423	Manuel	Echeverry	3001845146
786605304	Valentina	Lopez	3026697848
205226476	Fernando	Bermudez	3502620450
685765611	Laura	Montoya	3148236629
353558720	Gustavo	Giraldo	3020310518
607409992	Verónica	Perez	3123200379
917557512	Laura	Villegas	3154948083
163335723	javier	Vasquez	3010978820
535727461	Jose	Franco	3024895134
826314859	Sandra	Correa	3040801326
996607411	Adriana	Ortiz	3049058651
867706059	Carlos	Montoya	3151484656
574233310	Luis	Mendoza	3213763116
822896393	Pablo	Villegas	3008835615
974669077	Nicolas	Luna	3217360260
130125830	Martha	Perez	3104082400
787381451	Gabriela	Sanchez	3023678377
196699713	Camilo	Franco	3167885685
249081663	Sandra	Sanchez	3124738299
352865762	Ricardo	Vargas	3146804436
772938025	Gustavo	Suarez	3157773872
217696843	Maria	Martinez	3114309805
245469722	Jose	Garcia	3228957986
343889688	Nicolas	Muñoz	3183421607
359297012	Andrea	Betancur	3152427868
66985561	Valentina	Mendoza	3507277434
793471136	Carolina	Osorio	3221219136
459912919	Mauricio	Villegas	3003309232
1095242216	Daniela	Vargas	3224251354
230106707	Daniela	Perez	3128677496
578825839	Diana	Vasquez	3042419049
740682427	Diana	Villegas	3217694531
535901256	Paula	Saenz	3189985435
78252793	Patricia	Diaz	3059413186
152138944	Diego	Arango	3023990490
\.


--
-- TOC entry 5129 (class 0 OID 16599)
-- Dependencies: 233
-- Data for Name: detalle_pedido; Type: TABLE DATA; Schema: public; Owner: postgres
--

COPY public.detalle_pedido (id_detalle, id_pedido, id_producto, cantidad_producto, precio_unitario, subtotal, observaciones) FROM stdin;
\.


--
-- TOC entry 5135 (class 0 OID 16696)
-- Dependencies: 239
-- Data for Name: detalle_pedido_prov; Type: TABLE DATA; Schema: public; Owner: postgres
--

COPY public.detalle_pedido_prov (id_detalle_prov, id_pedido_prov, id_ingrediente, cantidad_solicitada, precio_compra) FROM stdin;
\.


--
-- TOC entry 5125 (class 0 OID 16507)
-- Dependencies: 229
-- Data for Name: empleado; Type: TABLE DATA; Schema: public; Owner: postgres
--

COPY public.empleado (cedula_empleado, id_cargo, id_turno, id_sede, nombre, apellido, celular, direccion, correo, fecha_nacimiento, fecha_contratacion, salario, tipo_contrato, eps, arl, estado_empleado) FROM stdin;
\.


--
-- TOC entry 5126 (class 0 OID 16531)
-- Dependencies: 230
-- Data for Name: factura; Type: TABLE DATA; Schema: public; Owner: postgres
--

COPY public.factura (id_factura, cedula_cliente, numero_factura, fecha_factura, hora_factura, subtotal, impuestos, propina, total, resolucion_dian, nit_empresa) FROM stdin;
FAC-00036	917557512	INV-000036	2023-12-23	12:08:06	44500.00	0.00	31000.00	75500.00	RES-DIAN-2023	900.123.456-7
FAC-00037	501876988	INV-000037	2023-01-26	18:57:33	18000.00	22910.03	12000.00	52910.03	RES-DIAN-2023	900.123.456-7
FAC-00038	499407815	INV-000038	2023-07-31	13:45:30	93600.00	11260.73	6000.00	110860.73	RES-DIAN-2023	900.123.456-7
FAC-00039	607409992	INV-000039	2023-03-22	14:41:59	72600.00	35321.38	0.00	107921.38	RES-DIAN-2023	900.123.456-7
FAC-00040	249081663	INV-000040	2023-04-13	20:18:20	12500.00	28472.17	15000.00	55972.17	RES-DIAN-2023	900.123.456-7
FAC-00041	249081663	INV-000041	2023-10-21	11:34:47	69200.00	69222.26	36000.00	174422.26	RES-DIAN-2023	900.123.456-7
FAC-00042	930054627	INV-000042	2023-04-01	22:58:02	13900.00	39889.13	0.00	53789.13	RES-DIAN-2023	900.123.456-7
FAC-00043	377517440	INV-000043	2023-05-29	22:02:00	199500.00	0.00	16000.00	215500.00	RES-DIAN-2023	900.123.456-7
FAC-00044	578054227	INV-000044	2023-05-26	15:41:34	146000.00	50714.06	0.00	196714.06	RES-DIAN-2023	900.123.456-7
FAC-00045	748639288	INV-000045	2023-04-09	20:07:21	29200.00	7169.78	0.00	36369.78	RES-DIAN-2023	900.123.456-7
FAC-00046	793471136	INV-000046	2023-04-06	08:47:21	236000.00	0.00	40000.00	276000.00	RES-DIAN-2023	900.123.456-7
FAC-00047	278062140	INV-000047	2023-11-09	21:40:57	146000.00	16695.22	0.00	162695.22	RES-DIAN-2023	900.123.456-7
FAC-00048	307065154	INV-000048	2023-07-25	18:06:11	82500.00	39282.06	0.00	121782.06	RES-DIAN-2023	900.123.456-7
FAC-00049	501876988	INV-000049	2023-01-04	12:24:15	144000.00	18312.03	0.00	162312.03	RES-DIAN-2023	900.123.456-7
FAC-00050	1002696249	INV-000050	2023-10-26	19:36:00	48000.00	11052.88	14000.00	73052.88	RES-DIAN-2023	900.123.456-7
FAC-00051	211209005	INV-000051	2023-12-08	09:29:19	95600.00	0.00	0.00	95600.00	RES-DIAN-2023	900.123.456-7
FAC-00052	343889688	INV-000052	2023-03-02	18:58:18	129900.00	36118.34	19000.00	185018.34	RES-DIAN-2023	900.123.456-7
FAC-00053	804957572	INV-000053	2023-09-02	10:29:47	82500.00	39562.45	0.00	122062.45	RES-DIAN-2023	900.123.456-7
FAC-00054	359297012	INV-000054	2023-10-09	22:30:48	38200.00	0.00	27000.00	65200.00	RES-DIAN-2023	900.123.456-7
FAC-00055	535901256	INV-000055	2023-05-07	18:48:38	217500.00	83188.87	0.00	300688.87	RES-DIAN-2023	900.123.456-7
FAC-00056	205226476	INV-000056	2023-12-27	13:04:58	279200.00	54424.11	29000.00	362624.11	RES-DIAN-2023	900.123.456-7
FAC-00057	535727461	INV-000057	2023-10-02	10:10:20	219500.00	34295.85	43000.00	296795.85	RES-DIAN-2023	900.123.456-7
FAC-00058	245469722	INV-000058	2023-04-16	19:37:31	48900.00	0.00	0.00	48900.00	RES-DIAN-2023	900.123.456-7
FAC-00059	211209005	INV-000059	2023-08-21	10:32:26	159600.00	44427.94	0.00	204027.94	RES-DIAN-2023	900.123.456-7
FAC-00060	217696843	INV-000060	2023-06-07	19:01:25	214500.00	25589.97	13000.00	253089.97	RES-DIAN-2023	900.123.456-7
FAC-00061	826314859	INV-000061	2023-02-07	08:27:22	145200.00	0.00	35000.00	180200.00	RES-DIAN-2023	900.123.456-7
FAC-00062	472382781	INV-000062	2023-08-30	08:18:26	75600.00	18656.26	0.00	94256.26	RES-DIAN-2023	900.123.456-7
FAC-00063	916581620	INV-000063	2023-07-15	15:55:58	83000.00	36345.28	45000.00	164345.28	RES-DIAN-2023	900.123.456-7
FAC-00064	245469722	INV-000064	2023-12-05	21:34:08	320000.00	26418.54	33000.00	379418.54	RES-DIAN-2023	900.123.456-7
FAC-00065	278062140	INV-000065	2023-10-03	14:33:08	56000.00	69663.59	37000.00	162663.59	RES-DIAN-2023	900.123.456-7
FAC-00066	740682427	INV-000066	2023-01-12	12:29:43	43300.00	28988.48	0.00	72288.48	RES-DIAN-2023	900.123.456-7
FAC-00067	606724164	INV-000067	2023-05-07	15:22:09	376000.00	0.00	15000.00	391000.00	RES-DIAN-2023	900.123.456-7
FAC-00068	780902343	INV-000068	2023-12-05	14:39:49	60000.00	89063.75	47000.00	196063.75	RES-DIAN-2023	900.123.456-7
FAC-00069	509914620	INV-000069	2023-02-04	09:38:02	51800.00	0.00	23000.00	74800.00	RES-DIAN-2023	900.123.456-7
FAC-00070	501876988	INV-000070	2023-01-23	14:28:14	173000.00	52151.64	27000.00	252151.64	RES-DIAN-2023	900.123.456-7
FAC-00071	480987740	INV-000071	2023-05-29	11:52:58	130000.00	29475.49	0.00	159475.49	RES-DIAN-2023	900.123.456-7
FAC-00072	983691209	INV-000072	2023-06-04	22:09:42	77000.00	21233.04	0.00	98233.04	RES-DIAN-2023	900.123.456-7
FAC-00073	910911954	INV-000073	2023-02-01	16:37:56	147200.00	70348.25	0.00	217548.25	RES-DIAN-2023	900.123.456-7
FAC-00074	917557512	INV-000074	2023-09-11	08:22:41	94400.00	0.00	0.00	94400.00	RES-DIAN-2023	900.123.456-7
FAC-00075	359297012	INV-000075	2023-08-02	14:09:19	39000.00	0.00	0.00	39000.00	RES-DIAN-2023	900.123.456-7
FAC-00076	983691209	INV-000076	2023-04-26	12:54:45	63000.00	6458.59	8000.00	77458.59	RES-DIAN-2023	900.123.456-7
FAC-00077	917557512	INV-000077	2023-07-31	14:35:33	130400.00	14384.04	0.00	144784.04	RES-DIAN-2023	900.123.456-7
FAC-00078	509914620	INV-000078	2023-06-19	18:05:59	37500.00	18431.64	23000.00	78931.64	RES-DIAN-2023	900.123.456-7
FAC-00079	685765611	INV-000079	2023-04-08	08:17:24	44500.00	0.00	34000.00	78500.00	RES-DIAN-2023	900.123.456-7
FAC-00080	437000596	INV-000080	2023-04-07	20:48:37	240000.00	0.00	36000.00	276000.00	RES-DIAN-2023	900.123.456-7
FAC-00081	584969167	INV-000081	2023-04-17	21:58:21	159600.00	30126.80	16000.00	205726.80	RES-DIAN-2023	900.123.456-7
FAC-00082	589708537	INV-000082	2023-03-02	19:48:30	278000.00	0.00	46000.00	324000.00	RES-DIAN-2023	900.123.456-7
FAC-00083	509635468	INV-000083	2023-05-03	16:20:49	38200.00	11895.92	0.00	50095.92	RES-DIAN-2023	900.123.456-7
FAC-00084	825887678	INV-000084	2023-05-14	13:32:56	66000.00	48196.52	0.00	114196.52	RES-DIAN-2023	900.123.456-7
FAC-00085	535901256	INV-000085	2023-06-13	22:13:23	149700.00	31033.04	16000.00	196733.04	RES-DIAN-2023	900.123.456-7
FAC-00086	230106707	INV-000086	2023-03-16	08:16:35	107200.00	0.00	0.00	107200.00	RES-DIAN-2023	900.123.456-7
FAC-00087	23955983	INV-000087	2023-03-20	11:21:14	66000.00	37263.08	0.00	103263.08	RES-DIAN-2023	900.123.456-7
FAC-00088	607409992	INV-000088	2023-12-02	18:21:16	278000.00	30723.74	0.00	308723.74	RES-DIAN-2023	900.123.456-7
FAC-00089	871494829	INV-000089	2023-03-28	19:50:22	90300.00	0.00	0.00	90300.00	RES-DIAN-2023	900.123.456-7
FAC-00090	377517440	INV-000090	2023-10-05	18:03:33	290800.00	5048.99	3000.00	298848.99	RES-DIAN-2023	900.123.456-7
FAC-00091	535901256	INV-000091	2023-01-04	14:08:53	9000.00	60618.32	32000.00	101618.32	RES-DIAN-2023	900.123.456-7
FAC-00092	229494902	INV-000092	2023-04-22	16:29:23	12900.00	0.00	0.00	12900.00	RES-DIAN-2023	900.123.456-7
FAC-00093	352865762	INV-000093	2023-09-07	08:00:34	209000.00	53258.01	28000.00	290258.01	RES-DIAN-2023	900.123.456-7
FAC-00094	205226476	INV-000094	2023-05-21	16:18:01	39000.00	0.00	0.00	39000.00	RES-DIAN-2023	900.123.456-7
FAC-00001	996607411	INV-000001	2023-10-25	10:10:42	245000.00	0.00	0.00	245000.00	RES-DIAN-2023	900.123.456-7
FAC-00002	163335723	INV-000002	2023-01-22	21:55:01	147800.00	0.00	0.00	147800.00	RES-DIAN-2023	900.123.456-7
FAC-00003	249081663	INV-000003	2023-04-18	20:36:26	80000.00	59445.89	0.00	139445.89	RES-DIAN-2023	900.123.456-7
FAC-00004	130125830	INV-000004	2023-10-07	12:41:19	39900.00	0.00	0.00	39900.00	RES-DIAN-2023	900.123.456-7
FAC-00005	1002696249	INV-000005	2023-08-21	09:44:03	190000.00	6996.75	0.00	196996.75	RES-DIAN-2023	900.123.456-7
FAC-00006	916070220	INV-000006	2023-04-15	13:38:09	95600.00	0.00	0.00	95600.00	RES-DIAN-2023	900.123.456-7
FAC-00007	1095242216	INV-000007	2023-06-26	14:08:48	85500.00	0.00	19000.00	104500.00	RES-DIAN-2023	900.123.456-7
FAC-00008	111181642	INV-000008	2023-05-04	15:07:17	174000.00	43757.39	23000.00	240757.39	RES-DIAN-2023	900.123.456-7
FAC-00009	600620971	INV-000009	2023-05-29	14:55:39	245000.00	40828.34	0.00	285828.34	RES-DIAN-2023	900.123.456-7
FAC-00010	535727461	INV-000010	2023-06-10	11:48:10	90500.00	0.00	0.00	90500.00	RES-DIAN-2023	900.123.456-7
FAC-00011	583330498	INV-000011	2023-06-07	15:01:05	105000.00	0.00	0.00	105000.00	RES-DIAN-2023	900.123.456-7
FAC-00012	983691209	INV-000012	2023-04-21	17:22:03	22000.00	2781.18	0.00	24781.18	RES-DIAN-2023	900.123.456-7
FAC-00013	606943772	INV-000013	2023-10-02	08:54:06	176400.00	17692.37	0.00	194092.37	RES-DIAN-2023	900.123.456-7
FAC-00014	535901256	INV-000014	2023-07-26	13:02:25	59600.00	0.00	4000.00	63600.00	RES-DIAN-2023	900.123.456-7
FAC-00015	732831292	INV-000015	2023-10-11	12:04:24	269000.00	0.00	0.00	269000.00	RES-DIAN-2023	900.123.456-7
FAC-00016	974669077	INV-000016	2023-12-15	17:07:08	194000.00	39023.25	0.00	233023.25	RES-DIAN-2023	900.123.456-7
FAC-00017	63710184	INV-000017	2023-10-13	13:48:09	242500.00	0.00	0.00	242500.00	RES-DIAN-2023	900.123.456-7
FAC-00018	480987740	INV-000018	2023-01-21	08:02:08	192000.00	28772.80	0.00	220772.80	RES-DIAN-2023	900.123.456-7
FAC-00019	539628540	INV-000019	2023-11-07	22:32:08	199500.00	0.00	0.00	199500.00	RES-DIAN-2023	900.123.456-7
FAC-00020	226898920	INV-000020	2023-07-21	17:47:53	173200.00	12529.99	0.00	185729.99	RES-DIAN-2023	900.123.456-7
FAC-00021	66985561	INV-000021	2023-10-16	12:30:52	217500.00	1452.17	2000.00	220952.17	RES-DIAN-2023	900.123.456-7
FAC-00022	930054627	INV-000022	2023-10-26	12:50:57	28000.00	0.00	37000.00	65000.00	RES-DIAN-2023	900.123.456-7
FAC-00023	867706059	INV-000023	2023-08-31	12:41:50	556000.00	0.00	49000.00	605000.00	RES-DIAN-2023	900.123.456-7
FAC-00024	459912919	INV-000024	2023-01-27	17:30:10	107600.00	0.00	0.00	107600.00	RES-DIAN-2023	900.123.456-7
FAC-00025	466612023	INV-000025	2023-12-15	11:02:36	125400.00	90177.90	47000.00	262577.90	RES-DIAN-2023	900.123.456-7
FAC-00026	78934737	INV-000026	2023-08-14	13:26:09	12900.00	40346.59	0.00	53246.59	RES-DIAN-2023	900.123.456-7
FAC-00027	480987740	INV-000027	2023-11-10	22:30:55	129900.00	0.00	43000.00	172900.00	RES-DIAN-2023	900.123.456-7
FAC-00028	66985561	INV-000028	2023-03-12	16:13:35	120400.00	0.00	0.00	120400.00	RES-DIAN-2023	900.123.456-7
FAC-00029	205226476	INV-000029	2023-07-12	13:11:29	69200.00	36555.27	0.00	105755.27	RES-DIAN-2023	900.123.456-7
FAC-00030	217696843	INV-000030	2023-12-15	18:51:44	87000.00	11163.00	14000.00	112163.00	RES-DIAN-2023	900.123.456-7
FAC-00031	501876988	INV-000031	2023-05-23	16:19:14	217500.00	37706.23	0.00	255206.23	RES-DIAN-2023	900.123.456-7
FAC-00032	66985561	INV-000032	2023-04-17	19:45:31	42000.00	13228.00	0.00	55228.00	RES-DIAN-2023	900.123.456-7
FAC-00033	606943772	INV-000033	2023-03-04	17:43:34	49500.00	15684.01	0.00	65184.01	RES-DIAN-2023	900.123.456-7
FAC-00034	78252793	INV-000034	2023-03-16	12:02:18	42500.00	90839.71	0.00	133339.71	RES-DIAN-2023	900.123.456-7
FAC-00035	631455910	INV-000035	2023-12-02	12:47:30	171600.00	0.00	0.00	171600.00	RES-DIAN-2023	900.123.456-7
FAC-00095	278062140	INV-000095	2023-02-24	22:06:33	87600.00	15762.36	0.00	103362.36	RES-DIAN-2023	900.123.456-7
FAC-00096	108407116	INV-000096	2023-05-17	20:25:05	244500.00	15423.62	0.00	259923.62	RES-DIAN-2023	900.123.456-7
FAC-00097	163335723	INV-000097	2023-05-05	19:14:19	151200.00	65584.28	35000.00	251784.28	RES-DIAN-2023	900.123.456-7
FAC-00098	307065154	INV-000098	2023-07-27	14:24:35	127500.00	0.00	24000.00	151500.00	RES-DIAN-2023	900.123.456-7
FAC-00099	359297012	INV-000099	2023-03-29	09:31:54	8900.00	17809.26	22000.00	48709.26	RES-DIAN-2023	900.123.456-7
FAC-00100	205226476	INV-000100	2023-01-22	11:13:57	39900.00	0.00	0.00	39900.00	RES-DIAN-2023	900.123.456-7
FAC-00101	748639288	INV-000101	2023-01-24	22:04:43	60000.00	0.00	46000.00	106000.00	RES-DIAN-2023	900.123.456-7
FAC-00102	278062140	INV-000102	2023-06-11	08:13:37	63000.00	0.00	0.00	63000.00	RES-DIAN-2023	900.123.456-7
FAC-00103	437000596	INV-000103	2023-06-03	10:36:15	22000.00	23014.48	0.00	45014.48	RES-DIAN-2023	900.123.456-7
FAC-00104	73989047	INV-000104	2023-03-13	20:44:46	146000.00	0.00	0.00	146000.00	RES-DIAN-2023	900.123.456-7
FAC-00105	600620971	INV-000105	2023-02-20	14:14:53	64500.00	0.00	0.00	64500.00	RES-DIAN-2023	900.123.456-7
FAC-00106	152138944	INV-000106	2023-06-17	08:40:17	84000.00	31515.09	0.00	115515.09	RES-DIAN-2023	900.123.456-7
FAC-00107	606724164	INV-000107	2023-07-02	16:24:27	27800.00	0.00	0.00	27800.00	RES-DIAN-2023	900.123.456-7
FAC-00108	483392624	INV-000108	2023-11-13	12:51:15	222500.00	68290.40	0.00	290790.40	RES-DIAN-2023	900.123.456-7
FAC-00109	539628540	INV-000109	2023-07-14	19:50:40	77700.00	6847.65	0.00	84547.65	RES-DIAN-2023	900.123.456-7
FAC-00110	732831292	INV-000110	2023-02-24	09:00:19	28000.00	18233.65	23000.00	69233.65	RES-DIAN-2023	900.123.456-7
FAC-00111	481619987	INV-000111	2023-02-14	10:27:28	77700.00	0.00	0.00	77700.00	RES-DIAN-2023	900.123.456-7
FAC-00112	706391871	INV-000112	2023-01-14	09:22:35	42600.00	0.00	0.00	42600.00	RES-DIAN-2023	900.123.456-7
FAC-00113	73989047	INV-000113	2023-01-07	12:26:24	18000.00	0.00	39000.00	57000.00	RES-DIAN-2023	900.123.456-7
FAC-00114	535727461	INV-000114	2023-09-24	10:43:24	173000.00	7444.47	0.00	180444.47	RES-DIAN-2023	900.123.456-7
FAC-00115	748639288	INV-000115	2023-09-10	10:04:10	307000.00	17839.31	0.00	324839.31	RES-DIAN-2023	900.123.456-7
FAC-00116	584969167	INV-000116	2023-02-09	13:16:15	21800.00	29059.26	36000.00	86859.26	RES-DIAN-2023	900.123.456-7
FAC-00117	871494829	INV-000117	2023-02-24	10:19:00	91600.00	37993.88	0.00	129593.88	RES-DIAN-2023	900.123.456-7
FAC-00118	578054227	INV-000118	2023-08-14	13:27:52	79800.00	0.00	41000.00	120800.00	RES-DIAN-2023	900.123.456-7
FAC-00119	1002696249	INV-000119	2023-06-14	17:44:12	32700.00	46495.81	0.00	79195.81	RES-DIAN-2023	900.123.456-7
FAC-00120	111181642	INV-000120	2023-05-30	19:44:40	59200.00	0.00	25000.00	84200.00	RES-DIAN-2023	900.123.456-7
FAC-00121	209170184	INV-000121	2023-07-12	12:52:50	171600.00	38482.26	20000.00	230082.26	RES-DIAN-2023	900.123.456-7
FAC-00122	996607411	INV-000122	2023-10-07	10:43:49	126400.00	0.00	0.00	126400.00	RES-DIAN-2023	900.123.456-7
FAC-00123	66985561	INV-000123	2023-04-18	15:51:18	207500.00	79292.34	0.00	286792.34	RES-DIAN-2023	900.123.456-7
FAC-00124	217696843	INV-000124	2023-09-13	10:40:19	107600.00	0.00	13000.00	120600.00	RES-DIAN-2023	900.123.456-7
FAC-00125	793471136	INV-000125	2023-08-05	20:24:04	178500.00	0.00	0.00	178500.00	RES-DIAN-2023	900.123.456-7
FAC-00126	826314859	INV-000126	2023-07-25	16:32:59	149400.00	0.00	0.00	149400.00	RES-DIAN-2023	900.123.456-7
FAC-00127	353558720	INV-000127	2023-01-19	20:23:44	45000.00	0.00	45000.00	90000.00	RES-DIAN-2023	900.123.456-7
FAC-00128	706391871	INV-000128	2023-05-08	18:42:22	178000.00	0.00	9000.00	187000.00	RES-DIAN-2023	900.123.456-7
FAC-00129	163335723	INV-000129	2023-11-27	18:41:25	31500.00	38699.00	0.00	70199.00	RES-DIAN-2023	900.123.456-7
FAC-00130	706391871	INV-000130	2023-01-06	09:16:14	326000.00	0.00	26000.00	352000.00	RES-DIAN-2023	900.123.456-7
FAC-00131	181351960	INV-000131	2023-07-11	14:29:49	249000.00	0.00	34000.00	283000.00	RES-DIAN-2023	900.123.456-7
FAC-00132	995376852	INV-000132	2023-01-13	15:06:18	45800.00	40627.31	21000.00	107427.31	RES-DIAN-2023	900.123.456-7
FAC-00133	1095242216	INV-000133	2023-03-14	13:19:21	183200.00	44291.47	0.00	227491.47	RES-DIAN-2023	900.123.456-7
FAC-00134	995376852	INV-000134	2023-09-01	09:28:46	29800.00	28113.12	35000.00	92913.12	RES-DIAN-2023	900.123.456-7
FAC-00135	1002696249	INV-000135	2023-01-23	20:45:07	688500.00	1685.34	2000.00	692185.34	RES-DIAN-2023	900.123.456-7
FAC-00136	217696843	INV-000136	2023-03-26	22:47:15	26800.00	0.00	26000.00	52800.00	RES-DIAN-2023	900.123.456-7
FAC-00137	578054227	INV-000137	2023-10-14	14:29:14	32700.00	0.00	40000.00	72700.00	RES-DIAN-2023	900.123.456-7
FAC-00138	377517440	INV-000138	2023-11-24	18:27:25	19900.00	0.00	2000.00	21900.00	RES-DIAN-2023	900.123.456-7
FAC-00139	181351960	INV-000139	2023-10-31	14:24:00	114600.00	67510.89	0.00	182110.89	RES-DIAN-2023	900.123.456-7
FAC-00140	740682427	INV-000140	2023-12-27	20:50:04	48000.00	0.00	29000.00	77000.00	RES-DIAN-2023	900.123.456-7
FAC-00141	732831292	INV-000141	2023-06-16	11:29:07	95600.00	11084.25	0.00	106684.25	RES-DIAN-2023	900.123.456-7
FAC-00142	867706059	INV-000142	2023-07-18	17:25:37	43500.00	5277.90	0.00	48777.90	RES-DIAN-2023	900.123.456-7
FAC-00143	974669077	INV-000143	2023-03-30	21:43:45	209000.00	0.00	40000.00	249000.00	RES-DIAN-2023	900.123.456-7
FAC-00144	217696843	INV-000144	2023-03-10	13:07:15	59600.00	30330.88	0.00	89930.88	RES-DIAN-2023	900.123.456-7
FAC-00145	343889688	INV-000145	2023-03-14	16:24:26	8900.00	0.00	0.00	8900.00	RES-DIAN-2023	900.123.456-7
FAC-00146	159368553	INV-000146	2023-04-06	15:40:34	374500.00	0.00	35000.00	409500.00	RES-DIAN-2023	900.123.456-7
FAC-00147	917557512	INV-000147	2023-03-27	15:18:08	43500.00	8134.26	10000.00	61634.26	RES-DIAN-2023	900.123.456-7
FAC-00148	108407116	INV-000148	2023-01-05	15:08:12	27000.00	0.00	0.00	27000.00	RES-DIAN-2023	900.123.456-7
FAC-00149	179222132	INV-000149	2023-12-17	15:26:45	10900.00	33723.76	42000.00	86623.76	RES-DIAN-2023	900.123.456-7
FAC-00150	483392624	INV-000150	2023-10-17	08:50:48	48500.00	22431.30	0.00	70931.30	RES-DIAN-2023	900.123.456-7
FAC-00151	1104199380	INV-000151	2023-10-03	12:10:49	38500.00	0.00	0.00	38500.00	RES-DIAN-2023	900.123.456-7
FAC-00152	607409992	INV-000152	2023-09-19	09:36:07	192000.00	0.00	0.00	192000.00	RES-DIAN-2023	900.123.456-7
FAC-00153	353558720	INV-000153	2023-01-22	20:46:28	4500.00	22217.05	28000.00	54717.05	RES-DIAN-2023	900.123.456-7
FAC-00154	230106707	INV-000154	2023-12-01	20:15:19	90000.00	83344.80	0.00	173344.80	RES-DIAN-2023	900.123.456-7
FAC-00155	338224239	INV-000155	2023-06-28	21:52:05	58500.00	42777.41	23000.00	124277.41	RES-DIAN-2023	900.123.456-7
FAC-00156	509914620	INV-000156	2023-10-29	19:22:55	59700.00	0.00	0.00	59700.00	RES-DIAN-2023	900.123.456-7
FAC-00157	422936598	INV-000157	2023-11-12	10:50:13	40300.00	77639.63	0.00	117939.63	RES-DIAN-2023	900.123.456-7
FAC-00158	685765611	INV-000158	2023-05-24	17:34:10	194000.00	0.00	0.00	194000.00	RES-DIAN-2023	900.123.456-7
FAC-00159	23955983	INV-000159	2023-10-21	12:54:32	188800.00	0.00	49000.00	237800.00	RES-DIAN-2023	900.123.456-7
FAC-00160	804957572	INV-000160	2023-07-30	22:03:17	105000.00	82622.13	43000.00	230622.13	RES-DIAN-2023	900.123.456-7
FAC-00161	501876988	INV-000161	2023-03-16	19:20:53	43300.00	0.00	0.00	43300.00	RES-DIAN-2023	900.123.456-7
FAC-00162	309853838	INV-000162	2023-03-14	17:40:17	417000.00	25410.26	0.00	442410.26	RES-DIAN-2023	900.123.456-7
FAC-00163	437000596	INV-000163	2023-11-21	20:56:49	107200.00	0.00	0.00	107200.00	RES-DIAN-2023	900.123.456-7
FAC-00164	343889688	INV-000164	2023-07-08	15:31:20	9000.00	0.00	30000.00	39000.00	RES-DIAN-2023	900.123.456-7
FAC-00165	1095242216	INV-000165	2023-08-23	18:42:44	106800.00	35250.54	0.00	142050.54	RES-DIAN-2023	900.123.456-7
FAC-00166	639595552	INV-000166	2023-08-08	21:13:31	196000.00	11326.64	0.00	207326.64	RES-DIAN-2023	900.123.456-7
FAC-00167	607409992	INV-000167	2023-10-23	10:36:54	59700.00	19825.25	25000.00	104525.25	RES-DIAN-2023	900.123.456-7
FAC-00168	1069817199	INV-000168	2023-02-20	18:50:53	99800.00	44687.06	24000.00	168487.06	RES-DIAN-2023	900.123.456-7
FAC-00169	631455910	INV-000169	2023-08-22	08:27:12	74500.00	94599.12	0.00	169099.12	RES-DIAN-2023	900.123.456-7
FAC-00170	226898920	INV-000170	2023-05-21	09:41:23	199500.00	10615.26	13000.00	223115.26	RES-DIAN-2023	900.123.456-7
FAC-00171	600620971	INV-000171	2023-07-22	18:19:46	192000.00	67017.99	0.00	259017.99	RES-DIAN-2023	900.123.456-7
FAC-00172	249081663	INV-000172	2023-02-16	19:06:00	51600.00	21769.51	11000.00	84369.51	RES-DIAN-2023	900.123.456-7
FAC-00173	996607411	INV-000173	2023-04-26	16:43:28	153500.00	0.00	0.00	153500.00	RES-DIAN-2023	900.123.456-7
FAC-00174	316814401	INV-000174	2023-08-05	19:08:30	84000.00	3576.47	4000.00	91576.47	RES-DIAN-2023	900.123.456-7
FAC-00175	1095242216	INV-000175	2023-02-22	09:20:23	189000.00	83920.08	0.00	272920.08	RES-DIAN-2023	900.123.456-7
FAC-00176	152138944	INV-000176	2023-03-10	18:43:09	222500.00	0.00	4000.00	226500.00	RES-DIAN-2023	900.123.456-7
FAC-00177	822896393	INV-000177	2023-11-29	10:28:22	194000.00	0.00	36000.00	230000.00	RES-DIAN-2023	900.123.456-7
FAC-00178	179222132	INV-000178	2023-11-12	18:28:55	65000.00	22125.48	12000.00	99125.48	RES-DIAN-2023	900.123.456-7
FAC-00179	740682427	INV-000179	2023-03-05	17:46:24	48500.00	14580.20	0.00	63080.20	RES-DIAN-2023	900.123.456-7
FAC-00180	804957572	INV-000180	2023-05-07	12:41:05	199500.00	0.00	0.00	199500.00	RES-DIAN-2023	900.123.456-7
FAC-00181	152138944	INV-000181	2023-12-20	08:54:54	695000.00	26609.49	33000.00	754609.49	RES-DIAN-2023	900.123.456-7
FAC-00182	786605304	INV-000182	2023-11-07	16:12:47	149800.00	0.00	20000.00	169800.00	RES-DIAN-2023	900.123.456-7
FAC-00183	983691209	INV-000183	2023-09-11	14:07:15	259000.00	0.00	25000.00	284000.00	RES-DIAN-2023	900.123.456-7
FAC-00184	205226476	INV-000184	2023-01-07	13:59:20	80600.00	0.00	0.00	80600.00	RES-DIAN-2023	900.123.456-7
FAC-00185	732831292	INV-000185	2023-10-07	18:11:48	74500.00	45751.46	24000.00	144251.46	RES-DIAN-2023	900.123.456-7
FAC-00186	996607411	INV-000186	2023-02-04	08:16:13	58500.00	5607.88	0.00	64107.88	RES-DIAN-2023	900.123.456-7
FAC-00187	480987740	INV-000187	2023-05-27	18:45:32	194500.00	30870.71	0.00	225370.71	RES-DIAN-2023	900.123.456-7
FAC-00188	483392624	INV-000188	2023-11-24	16:34:39	118500.00	16114.55	0.00	134614.55	RES-DIAN-2023	900.123.456-7
FAC-00189	483392624	INV-000189	2023-09-19	22:13:51	189600.00	6890.78	0.00	196490.78	RES-DIAN-2023	900.123.456-7
FAC-00190	996607411	INV-000190	2023-11-21	20:53:41	69200.00	65306.29	0.00	134506.29	RES-DIAN-2023	900.123.456-7
FAC-00191	359297012	INV-000191	2023-08-12	19:54:15	263200.00	7291.04	0.00	270491.04	RES-DIAN-2023	900.123.456-7
FAC-00192	360904183	INV-000192	2023-08-21	17:38:03	19900.00	0.00	16000.00	35900.00	RES-DIAN-2023	900.123.456-7
FAC-00193	316814401	INV-000193	2023-01-07	19:08:44	77400.00	1244.94	0.00	78644.94	RES-DIAN-2023	900.123.456-7
FAC-00194	786605304	INV-000194	2023-09-22	20:52:46	72600.00	10962.48	14000.00	97562.48	RES-DIAN-2023	900.123.456-7
FAC-00195	578825839	INV-000195	2023-05-18	19:56:07	43600.00	73720.16	0.00	117320.16	RES-DIAN-2023	900.123.456-7
FAC-00196	159368553	INV-000196	2023-05-20	16:04:16	43500.00	0.00	36000.00	79500.00	RES-DIAN-2023	900.123.456-7
FAC-00197	583330498	INV-000197	2023-08-22	16:23:03	146000.00	0.00	25000.00	171000.00	RES-DIAN-2023	900.123.456-7
FAC-00198	916581620	INV-000198	2023-03-22	12:49:06	191000.00	0.00	45000.00	236000.00	RES-DIAN-2023	900.123.456-7
FAC-00199	606724164	INV-000199	2023-09-18	08:02:54	39800.00	82238.64	43000.00	165038.64	RES-DIAN-2023	900.123.456-7
FAC-00200	479521477	INV-000200	2023-07-06	14:58:09	19900.00	18561.26	0.00	38461.26	RES-DIAN-2023	900.123.456-7
FAC-00201	1104199380	INV-000201	2023-06-14	11:26:58	96000.00	29035.29	36000.00	161035.29	RES-DIAN-2023	900.123.456-7
FAC-00202	535727461	INV-000202	2023-07-10	09:32:43	38700.00	85870.71	45000.00	169570.71	RES-DIAN-2023	900.123.456-7
FAC-00203	786605304	INV-000203	2023-01-24	14:04:56	150400.00	19031.69	0.00	169431.69	RES-DIAN-2023	900.123.456-7
FAC-00204	209170184	INV-000204	2023-02-14	16:29:00	19800.00	15261.64	0.00	35061.64	RES-DIAN-2023	900.123.456-7
FAC-00205	230106707	INV-000205	2023-11-15	11:29:23	146000.00	23994.28	30000.00	199994.28	RES-DIAN-2023	900.123.456-7
FAC-00206	1095242216	INV-000206	2023-10-07	20:50:15	220500.00	6702.20	8000.00	235202.20	RES-DIAN-2023	900.123.456-7
FAC-00207	606724164	INV-000207	2023-10-05	13:40:53	995000.00	66461.20	0.00	1061461.20	RES-DIAN-2023	900.123.456-7
FAC-00208	824874363	INV-000208	2023-12-03	14:54:47	90000.00	69603.72	37000.00	196603.72	RES-DIAN-2023	900.123.456-7
FAC-00209	205226476	INV-000209	2023-05-02	14:31:03	45000.00	92445.27	0.00	137445.27	RES-DIAN-2023	900.123.456-7
FAC-00210	307065154	INV-000210	2023-01-23	22:14:57	29200.00	33943.77	0.00	63143.77	RES-DIAN-2023	900.123.456-7
FAC-00211	871494829	INV-000211	2023-02-13	17:06:32	174000.00	6033.74	8000.00	188033.74	RES-DIAN-2023	900.123.456-7
FAC-00212	996607411	INV-000212	2023-10-18	08:27:42	35700.00	91668.72	0.00	127368.72	RES-DIAN-2023	900.123.456-7
FAC-00213	338224239	INV-000213	2023-06-11	22:51:25	24000.00	0.00	0.00	24000.00	RES-DIAN-2023	900.123.456-7
FAC-00214	111181642	INV-000214	2023-08-20	12:14:04	99500.00	89744.94	47000.00	236244.94	RES-DIAN-2023	900.123.456-7
FAC-00215	539628540	INV-000215	2023-02-24	10:28:29	116800.00	31136.50	0.00	147936.50	RES-DIAN-2023	900.123.456-7
FAC-00216	78252793	INV-000216	2023-04-17	15:19:29	96000.00	26572.24	14000.00	136572.24	RES-DIAN-2023	900.123.456-7
FAC-00217	226898920	INV-000217	2023-12-18	12:52:45	170000.00	66779.34	35000.00	271779.34	RES-DIAN-2023	900.123.456-7
FAC-00218	209170184	INV-000218	2023-03-17	09:45:15	63000.00	38761.28	48000.00	149761.28	RES-DIAN-2023	900.123.456-7
FAC-00219	217696843	INV-000219	2023-06-03	12:52:11	134000.00	2018.42	0.00	136018.42	RES-DIAN-2023	900.123.456-7
FAC-00220	917557512	INV-000220	2023-10-09	11:06:29	196000.00	11387.57	6000.00	213387.57	RES-DIAN-2023	900.123.456-7
FAC-00221	229494902	INV-000221	2023-02-01	21:49:14	86700.00	5924.04	0.00	92624.04	RES-DIAN-2023	900.123.456-7
FAC-00222	245469722	INV-000222	2023-11-19	18:05:37	60000.00	56467.66	30000.00	146467.66	RES-DIAN-2023	900.123.456-7
FAC-00223	472382781	INV-000223	2023-04-12	22:41:28	85200.00	77245.71	0.00	162445.71	RES-DIAN-2023	900.123.456-7
FAC-00224	316814401	INV-000224	2023-01-22	15:03:10	149700.00	37025.96	0.00	186725.96	RES-DIAN-2023	900.123.456-7
FAC-00225	583330498	INV-000225	2023-01-16	14:43:27	130500.00	17988.35	9000.00	157488.35	RES-DIAN-2023	900.123.456-7
FAC-00226	910911954	INV-000226	2023-05-24	15:56:09	207500.00	0.00	3000.00	210500.00	RES-DIAN-2023	900.123.456-7
FAC-00227	196699713	INV-000227	2023-06-01	15:26:56	217500.00	53169.12	28000.00	298669.12	RES-DIAN-2023	900.123.456-7
FAC-00228	910911954	INV-000228	2023-07-16	10:26:12	33000.00	0.00	32000.00	65000.00	RES-DIAN-2023	900.123.456-7
FAC-00229	130125830	INV-000229	2023-10-06	20:01:24	154000.00	31451.10	0.00	185451.10	RES-DIAN-2023	900.123.456-7
FAC-00230	353558720	INV-000230	2023-09-06	13:58:36	133000.00	20493.82	0.00	153493.82	RES-DIAN-2023	900.123.456-7
FAC-00231	377517440	INV-000231	2023-01-14	13:38:14	59600.00	1948.70	2000.00	63548.70	RES-DIAN-2023	900.123.456-7
FAC-00232	479521477	INV-000232	2023-09-29	13:49:37	187200.00	94963.30	50000.00	332163.30	RES-DIAN-2023	900.123.456-7
FAC-00233	501876988	INV-000233	2023-12-03	11:17:34	236000.00	0.00	41000.00	277000.00	RES-DIAN-2023	900.123.456-7
FAC-00234	535901256	INV-000234	2023-04-23	17:54:51	39500.00	38062.14	20000.00	97562.14	RES-DIAN-2023	900.123.456-7
FAC-00235	983691209	INV-000235	2023-10-31	13:51:47	48500.00	0.00	35000.00	83500.00	RES-DIAN-2023	900.123.456-7
FAC-00236	66985561	INV-000236	2023-12-25	13:36:36	27000.00	15129.72	0.00	42129.72	RES-DIAN-2023	900.123.456-7
FAC-00237	353558720	INV-000237	2023-06-08	10:31:02	369500.00	10302.96	5000.00	384802.96	RES-DIAN-2023	900.123.456-7
FAC-00238	78934737	INV-000238	2023-09-27	15:00:21	103600.00	87356.13	46000.00	236956.13	RES-DIAN-2023	900.123.456-7
FAC-00239	63710184	INV-000239	2023-04-01	22:51:54	43500.00	82731.01	44000.00	170231.01	RES-DIAN-2023	900.123.456-7
FAC-00240	466612023	INV-000240	2023-10-28	19:58:09	138400.00	0.00	0.00	138400.00	RES-DIAN-2023	900.123.456-7
FAC-00241	437000596	INV-000241	2023-07-11	19:42:25	13000.00	23771.85	0.00	36771.85	RES-DIAN-2023	900.123.456-7
FAC-00242	209170184	INV-000242	2023-03-11	10:46:27	43500.00	31840.23	0.00	75340.23	RES-DIAN-2023	900.123.456-7
FAC-00243	278062140	INV-000243	2023-12-29	16:44:56	10900.00	37210.73	47000.00	95110.73	RES-DIAN-2023	900.123.456-7
FAC-00244	772938025	INV-000244	2023-10-29	21:11:24	216500.00	0.00	0.00	216500.00	RES-DIAN-2023	900.123.456-7
FAC-00245	481619987	INV-000245	2023-04-01	19:00:44	86600.00	37988.97	47000.00	171588.97	RES-DIAN-2023	900.123.456-7
FAC-00246	377517440	INV-000246	2023-11-05	13:58:51	103600.00	91977.20	48000.00	243577.20	RES-DIAN-2023	900.123.456-7
FAC-00247	583330498	INV-000247	2023-03-14	13:47:04	242500.00	10129.44	13000.00	265629.44	RES-DIAN-2023	900.123.456-7
FAC-00248	787381451	INV-000248	2023-02-15	21:45:42	129500.00	25852.83	0.00	155352.83	RES-DIAN-2023	900.123.456-7
FAC-00249	229494902	INV-000249	2023-05-16	11:15:44	146000.00	3457.56	4000.00	153457.56	RES-DIAN-2023	900.123.456-7
FAC-00250	459912919	INV-000250	2023-01-01	08:24:28	326000.00	70103.62	0.00	396103.62	RES-DIAN-2023	900.123.456-7
FAC-00251	583330498	INV-000251	2023-07-13	13:34:24	173000.00	4776.00	6000.00	183776.00	RES-DIAN-2023	900.123.456-7
FAC-00252	226898920	INV-000252	2023-08-20	09:51:54	77700.00	5010.73	0.00	82710.73	RES-DIAN-2023	900.123.456-7
FAC-00253	338224239	INV-000253	2023-02-23	09:21:10	556000.00	84566.40	45000.00	685566.40	RES-DIAN-2023	900.123.456-7
FAC-00254	607409992	INV-000254	2023-02-17	13:38:39	216500.00	0.00	45000.00	261500.00	RES-DIAN-2023	900.123.456-7
FAC-00255	103309105	INV-000255	2023-12-01	10:38:56	50000.00	42324.06	22000.00	114324.06	RES-DIAN-2023	900.123.456-7
FAC-00256	578054227	INV-000256	2023-04-16	11:26:44	49500.00	0.00	0.00	49500.00	RES-DIAN-2023	900.123.456-7
FAC-00257	352865762	INV-000257	2023-05-25	12:15:06	149700.00	0.00	0.00	149700.00	RES-DIAN-2023	900.123.456-7
FAC-00258	539628540	INV-000258	2023-01-28	13:00:27	170000.00	0.00	0.00	170000.00	RES-DIAN-2023	900.123.456-7
FAC-00259	1082090968	INV-000259	2023-02-19	08:13:10	43500.00	61315.55	0.00	104815.55	RES-DIAN-2023	900.123.456-7
FAC-00260	360904183	INV-000260	2023-06-07	20:25:30	71400.00	0.00	0.00	71400.00	RES-DIAN-2023	900.123.456-7
FAC-00261	307065154	INV-000261	2023-11-25	16:24:11	85900.00	15344.00	0.00	101244.00	RES-DIAN-2023	900.123.456-7
FAC-00262	377517440	INV-000262	2023-08-17	08:16:28	131000.00	45196.90	0.00	176196.90	RES-DIAN-2023	900.123.456-7
FAC-00263	163335723	INV-000263	2023-02-01	10:48:44	43300.00	64041.31	0.00	107341.31	RES-DIAN-2023	900.123.456-7
FAC-00264	353558720	INV-000264	2023-07-31	20:37:14	70000.00	22501.19	0.00	92501.19	RES-DIAN-2023	900.123.456-7
FAC-00265	685765611	INV-000265	2023-12-18	21:59:30	115500.00	55219.70	0.00	170719.70	RES-DIAN-2023	900.123.456-7
FAC-00266	1002696249	INV-000266	2023-02-10	14:57:54	9000.00	0.00	36000.00	45000.00	RES-DIAN-2023	900.123.456-7
FAC-00267	316814401	INV-000267	2023-08-18	10:10:13	118500.00	77167.69	41000.00	236667.69	RES-DIAN-2023	900.123.456-7
FAC-00268	159368553	INV-000268	2023-02-10	18:27:12	115600.00	0.00	50000.00	165600.00	RES-DIAN-2023	900.123.456-7
FAC-00269	867706059	INV-000269	2023-05-13	13:58:46	79000.00	87009.59	46000.00	212009.59	RES-DIAN-2023	900.123.456-7
FAC-00270	73989047	INV-000270	2023-10-12	14:35:20	239600.00	0.00	0.00	239600.00	RES-DIAN-2023	900.123.456-7
FAC-00271	229494902	INV-000271	2023-12-25	17:37:33	99600.00	74674.93	0.00	174274.93	RES-DIAN-2023	900.123.456-7
FAC-00272	539628540	INV-000272	2023-03-17	17:37:37	74500.00	72504.93	38000.00	185004.93	RES-DIAN-2023	900.123.456-7
FAC-00273	163335723	INV-000273	2023-02-21	20:18:55	58400.00	21796.83	0.00	80196.83	RES-DIAN-2023	900.123.456-7
FAC-00274	338224239	INV-000274	2023-07-16	18:31:36	550800.00	58594.38	31000.00	640394.38	RES-DIAN-2023	900.123.456-7
FAC-00275	910911954	INV-000275	2023-07-26	10:39:38	202000.00	27487.86	34000.00	263487.86	RES-DIAN-2023	900.123.456-7
FAC-00276	509635468	INV-000276	2023-06-19	19:15:03	25800.00	30033.39	0.00	55833.39	RES-DIAN-2023	900.123.456-7
FAC-00277	78934737	INV-000277	2023-06-22	21:50:19	51800.00	12989.21	16000.00	80789.21	RES-DIAN-2023	900.123.456-7
FAC-00278	606724164	INV-000278	2023-03-10	12:47:28	146800.00	31142.01	0.00	177942.01	RES-DIAN-2023	900.123.456-7
FAC-00279	1095242216	INV-000279	2023-08-02	17:41:05	85000.00	19396.81	0.00	104396.81	RES-DIAN-2023	900.123.456-7
FAC-00280	230106707	INV-000280	2023-09-06	20:33:55	194000.00	36711.04	19000.00	249711.04	RES-DIAN-2023	900.123.456-7
FAC-00281	472382781	INV-000281	2023-06-09	19:32:25	115600.00	0.00	8000.00	123600.00	RES-DIAN-2023	900.123.456-7
FAC-00282	278062140	INV-000282	2023-04-09	22:53:12	22500.00	79822.53	42000.00	144322.53	RES-DIAN-2023	900.123.456-7
FAC-00283	871494829	INV-000283	2023-01-26	22:23:45	31500.00	8605.10	0.00	40105.10	RES-DIAN-2023	900.123.456-7
FAC-00284	480987740	INV-000284	2023-07-23	18:59:07	212800.00	65317.33	0.00	278117.33	RES-DIAN-2023	900.123.456-7
FAC-00285	309853838	INV-000285	2023-11-01	15:11:55	145500.00	0.00	0.00	145500.00	RES-DIAN-2023	900.123.456-7
FAC-00286	995376852	INV-000286	2023-03-25	21:57:16	12000.00	0.00	38000.00	50000.00	RES-DIAN-2023	900.123.456-7
FAC-00287	606943772	INV-000287	2023-01-15	14:03:10	153500.00	81390.77	43000.00	277890.77	RES-DIAN-2023	900.123.456-7
FAC-00288	196699713	INV-000288	2023-04-26	18:13:17	34600.00	0.00	33000.00	67600.00	RES-DIAN-2023	900.123.456-7
FAC-00289	152138944	INV-000289	2023-12-16	08:30:58	349500.00	14218.44	7000.00	370718.44	RES-DIAN-2023	900.123.456-7
FAC-00290	1104199380	INV-000290	2023-05-10	17:51:19	55600.00	0.00	0.00	55600.00	RES-DIAN-2023	900.123.456-7
FAC-00291	159368553	INV-000291	2023-07-12	21:22:29	200000.00	10678.35	0.00	210678.35	RES-DIAN-2023	900.123.456-7
FAC-00292	217696843	INV-000292	2023-09-24	21:39:25	107200.00	56315.75	0.00	163515.75	RES-DIAN-2023	900.123.456-7
FAC-00293	917557512	INV-000293	2023-11-28	17:38:18	216500.00	29688.11	0.00	246188.11	RES-DIAN-2023	900.123.456-7
FAC-00294	472382781	INV-000294	2023-06-22	12:40:20	173000.00	34570.47	0.00	207570.47	RES-DIAN-2023	900.123.456-7
FAC-00295	589708537	INV-000295	2023-03-18	16:48:15	112500.00	0.00	0.00	112500.00	RES-DIAN-2023	900.123.456-7
FAC-00296	352865762	INV-000296	2023-06-13	18:08:46	429500.00	1797.85	0.00	431297.85	RES-DIAN-2023	900.123.456-7
FAC-00297	338224239	INV-000297	2023-08-03	14:24:47	128000.00	0.00	3000.00	131000.00	RES-DIAN-2023	900.123.456-7
FAC-00298	63710184	INV-000298	2023-04-24	18:34:40	89700.00	0.00	0.00	89700.00	RES-DIAN-2023	900.123.456-7
FAC-00299	480987740	INV-000299	2023-06-03	21:10:53	429500.00	0.00	33000.00	462500.00	RES-DIAN-2023	900.123.456-7
FAC-00300	23955983	INV-000300	2023-02-19	15:08:47	43300.00	0.00	14000.00	57300.00	RES-DIAN-2023	900.123.456-7
FAC-00301	245469722	INV-000301	2023-06-21	18:05:14	97000.00	0.00	0.00	97000.00	RES-DIAN-2023	900.123.456-7
FAC-00302	930054627	INV-000302	2023-06-19	13:16:37	65000.00	29276.16	0.00	94276.16	RES-DIAN-2023	900.123.456-7
FAC-00303	600620971	INV-000303	2023-11-21	17:37:39	26000.00	8530.18	4000.00	38530.18	RES-DIAN-2023	900.123.456-7
FAC-00304	245469722	INV-000304	2023-07-15	16:19:26	130500.00	6933.17	4000.00	141433.17	RES-DIAN-2023	900.123.456-7
FAC-00305	1082090968	INV-000305	2023-06-25	14:36:57	172500.00	36339.54	45000.00	253839.54	RES-DIAN-2023	900.123.456-7
FAC-00306	111181642	INV-000306	2023-04-03	20:05:31	995000.00	32867.80	0.00	1027867.80	RES-DIAN-2023	900.123.456-7
FAC-00307	787381451	INV-000307	2023-01-30	08:28:17	10900.00	21393.50	11000.00	43293.50	RES-DIAN-2023	900.123.456-7
FAC-00308	309853838	INV-000308	2023-02-15	10:39:27	44500.00	25632.71	0.00	70132.71	RES-DIAN-2023	900.123.456-7
FAC-00309	584969167	INV-000309	2023-07-16	08:02:34	96000.00	8617.04	11000.00	115617.04	RES-DIAN-2023	900.123.456-7
FAC-00310	209170184	INV-000310	2023-09-29	11:01:43	35700.00	0.00	1000.00	36700.00	RES-DIAN-2023	900.123.456-7
FAC-00311	1104199380	INV-000311	2023-12-22	22:22:19	130500.00	5854.09	0.00	136354.09	RES-DIAN-2023	900.123.456-7
FAC-00312	422936598	INV-000312	2023-02-03	21:02:19	62500.00	37979.76	0.00	100479.76	RES-DIAN-2023	900.123.456-7
FAC-00313	103309105	INV-000313	2023-12-18	10:21:57	58400.00	47535.64	25000.00	130935.64	RES-DIAN-2023	900.123.456-7
FAC-00314	859613032	INV-000314	2023-01-10	11:14:46	9000.00	93592.28	49000.00	151592.28	RES-DIAN-2023	900.123.456-7
FAC-00315	996607411	INV-000315	2023-09-16	10:07:23	297000.00	68104.35	0.00	365104.35	RES-DIAN-2023	900.123.456-7
FAC-00316	787381451	INV-000316	2023-05-11	20:34:39	224700.00	6423.45	3000.00	234123.45	RES-DIAN-2023	900.123.456-7
FAC-00317	249081663	INV-000317	2023-01-11	08:44:07	45800.00	17137.60	21000.00	83937.60	RES-DIAN-2023	900.123.456-7
FAC-00318	607409992	INV-000318	2023-05-10	15:44:09	695000.00	0.00	11000.00	706000.00	RES-DIAN-2023	900.123.456-7
FAC-00319	1002696249	INV-000319	2023-08-04	18:06:42	12900.00	0.00	26000.00	38900.00	RES-DIAN-2023	900.123.456-7
FAC-00320	930054627	INV-000320	2023-02-23	16:46:39	97000.00	12861.09	7000.00	116861.09	RES-DIAN-2023	900.123.456-7
FAC-00321	583330498	INV-000321	2023-04-12	17:12:49	32500.00	0.00	14000.00	46500.00	RES-DIAN-2023	900.123.456-7
FAC-00322	108407116	INV-000322	2023-12-27	14:18:10	159600.00	2344.70	3000.00	164944.70	RES-DIAN-2023	900.123.456-7
FAC-00323	343889688	INV-000323	2023-09-04	13:15:00	64000.00	3086.97	2000.00	69086.97	RES-DIAN-2023	900.123.456-7
FAC-00324	535727461	INV-000324	2023-12-09	15:09:05	240000.00	74473.89	39000.00	353473.89	RES-DIAN-2023	900.123.456-7
FAC-00325	309655412	INV-000325	2023-11-26	11:29:18	145200.00	26490.04	14000.00	185690.04	RES-DIAN-2023	900.123.456-7
FAC-00326	278062140	INV-000326	2023-01-21	21:18:23	25900.00	32222.57	0.00	58122.57	RES-DIAN-2023	900.123.456-7
FAC-00327	230106707	INV-000327	2023-03-01	09:54:48	695000.00	84786.19	45000.00	824786.19	RES-DIAN-2023	900.123.456-7
FAC-00328	352865762	INV-000328	2023-11-28	10:21:22	178500.00	0.00	0.00	178500.00	RES-DIAN-2023	900.123.456-7
FAC-00329	1095242216	INV-000329	2023-02-17	13:52:21	26700.00	7968.48	0.00	34668.48	RES-DIAN-2023	900.123.456-7
FAC-00330	871494829	INV-000330	2023-05-20	21:24:44	160000.00	34146.33	43000.00	237146.33	RES-DIAN-2023	900.123.456-7
FAC-00331	360904183	INV-000331	2023-03-09	19:46:03	173500.00	93284.09	49000.00	315784.09	RES-DIAN-2023	900.123.456-7
FAC-00332	930054627	INV-000332	2023-10-30	15:51:36	54500.00	65058.40	0.00	119558.40	RES-DIAN-2023	900.123.456-7
FAC-00333	152138944	INV-000333	2023-07-03	17:01:55	197500.00	0.00	35000.00	232500.00	RES-DIAN-2023	900.123.456-7
FAC-00334	584969167	INV-000334	2023-09-07	09:56:26	83000.00	42928.04	0.00	125928.04	RES-DIAN-2023	900.123.456-7
FAC-00335	249081663	INV-000335	2023-06-10	08:45:55	97000.00	0.00	34000.00	131000.00	RES-DIAN-2023	900.123.456-7
FAC-00336	772938025	INV-000336	2023-06-23	16:33:44	257700.00	67124.02	0.00	324824.02	RES-DIAN-2023	900.123.456-7
FAC-00337	352865762	INV-000337	2023-05-08	15:22:42	8900.00	27310.79	34000.00	70210.79	RES-DIAN-2023	900.123.456-7
FAC-00338	917557512	INV-000338	2023-11-10	08:00:41	69500.00	0.00	0.00	69500.00	RES-DIAN-2023	900.123.456-7
FAC-00339	583330498	INV-000339	2023-03-26	09:48:31	43300.00	13368.85	0.00	56668.85	RES-DIAN-2023	900.123.456-7
FAC-00340	600620971	INV-000340	2023-09-17	11:35:41	43300.00	37151.16	20000.00	100451.16	RES-DIAN-2023	900.123.456-7
FAC-00341	871494829	INV-000341	2023-08-16	20:36:28	199500.00	4250.38	0.00	203750.38	RES-DIAN-2023	900.123.456-7
FAC-00342	111181642	INV-000342	2023-03-02	15:47:41	82500.00	1496.55	0.00	83996.55	RES-DIAN-2023	900.123.456-7
FAC-00343	780902343	INV-000343	2023-10-13	16:00:52	80000.00	0.00	0.00	80000.00	RES-DIAN-2023	900.123.456-7
FAC-00344	489341423	INV-000344	2023-10-15	11:41:42	174000.00	18683.35	0.00	192683.35	RES-DIAN-2023	900.123.456-7
FAC-00345	600620971	INV-000345	2023-04-25	21:29:21	66500.00	0.00	0.00	66500.00	RES-DIAN-2023	900.123.456-7
FAC-00346	793471136	INV-000346	2023-12-03	13:45:28	42500.00	0.00	7000.00	49500.00	RES-DIAN-2023	900.123.456-7
FAC-00347	824874363	INV-000347	2023-06-24	13:53:40	88200.00	38605.80	0.00	126805.80	RES-DIAN-2023	900.123.456-7
FAC-00348	359297012	INV-000348	2023-02-24	08:57:10	103600.00	0.00	0.00	103600.00	RES-DIAN-2023	900.123.456-7
FAC-00349	706391871	INV-000349	2023-05-11	17:12:12	60000.00	5533.24	7000.00	72533.24	RES-DIAN-2023	900.123.456-7
FAC-00350	871494829	INV-000350	2023-04-08	19:21:06	75000.00	72390.60	38000.00	185390.60	RES-DIAN-2023	900.123.456-7
FAC-00351	78252793	INV-000351	2023-08-19	15:42:37	79800.00	90921.32	0.00	170721.32	RES-DIAN-2023	900.123.456-7
FAC-00352	824874363	INV-000352	2023-09-29	19:03:35	144000.00	0.00	0.00	144000.00	RES-DIAN-2023	900.123.456-7
FAC-00353	489341423	INV-000353	2023-04-01	19:37:11	225600.00	69909.05	37000.00	332509.05	RES-DIAN-2023	900.123.456-7
FAC-00354	73989047	INV-000354	2023-12-03	17:38:56	80600.00	13416.28	0.00	94016.28	RES-DIAN-2023	900.123.456-7
FAC-00355	574233310	INV-000355	2023-12-21	20:15:17	192000.00	16396.50	0.00	208396.50	RES-DIAN-2023	900.123.456-7
FAC-00356	181351960	INV-000356	2023-03-10	10:26:38	9000.00	0.00	0.00	9000.00	RES-DIAN-2023	900.123.456-7
FAC-00357	359297012	INV-000357	2023-10-08	21:20:45	194000.00	0.00	37000.00	231000.00	RES-DIAN-2023	900.123.456-7
FAC-00358	1082090968	INV-000358	2023-04-18	17:45:18	213000.00	0.00	35000.00	248000.00	RES-DIAN-2023	900.123.456-7
FAC-00359	66985561	INV-000359	2023-11-29	10:32:34	120000.00	28017.03	35000.00	183017.03	RES-DIAN-2023	900.123.456-7
FAC-00360	535901256	INV-000360	2023-06-30	16:30:37	72700.00	0.00	0.00	72700.00	RES-DIAN-2023	900.123.456-7
FAC-00361	217696843	INV-000361	2023-10-01	12:56:54	199000.00	41224.17	22000.00	262224.17	RES-DIAN-2023	900.123.456-7
FAC-00362	687430270	INV-000362	2023-07-15	10:03:42	240000.00	3018.91	4000.00	247018.91	RES-DIAN-2023	900.123.456-7
FAC-00363	606943772	INV-000363	2023-12-16	12:09:53	222500.00	3231.69	4000.00	229731.69	RES-DIAN-2023	900.123.456-7
FAC-00364	740682427	INV-000364	2023-10-05	08:22:52	49800.00	0.00	23000.00	72800.00	RES-DIAN-2023	900.123.456-7
FAC-00365	578825839	INV-000365	2023-11-28	16:24:15	49500.00	0.00	0.00	49500.00	RES-DIAN-2023	900.123.456-7
FAC-00366	343889688	INV-000366	2023-12-07	08:59:24	137400.00	0.00	0.00	137400.00	RES-DIAN-2023	900.123.456-7
FAC-00367	607409992	INV-000367	2023-01-28	08:47:16	55600.00	8761.02	11000.00	75361.02	RES-DIAN-2023	900.123.456-7
FAC-00368	787381451	INV-000368	2023-12-27	19:41:23	57000.00	0.00	38000.00	95000.00	RES-DIAN-2023	900.123.456-7
FAC-00369	152138944	INV-000369	2023-04-10	12:28:11	77000.00	93459.50	49000.00	219459.50	RES-DIAN-2023	900.123.456-7
FAC-00370	278062140	INV-000370	2023-09-21	09:24:02	97800.00	0.00	0.00	97800.00	RES-DIAN-2023	900.123.456-7
FAC-00371	481619987	INV-000371	2023-03-24	17:54:16	87000.00	1021.29	1000.00	89021.29	RES-DIAN-2023	900.123.456-7
FAC-00372	1069817199	INV-000372	2023-03-20	22:20:38	179700.00	0.00	0.00	179700.00	RES-DIAN-2023	900.123.456-7
FAC-00373	309853838	INV-000373	2023-10-21	16:22:04	44700.00	31534.03	39000.00	115234.03	RES-DIAN-2023	900.123.456-7
FAC-00374	377517440	INV-000374	2023-09-24	09:50:32	53400.00	0.00	0.00	53400.00	RES-DIAN-2023	900.123.456-7
FAC-00375	307065154	INV-000375	2023-06-28	11:56:13	174000.00	26802.71	0.00	200802.71	RES-DIAN-2023	900.123.456-7
FAC-00376	23955983	INV-000376	2023-04-22	20:39:33	8900.00	0.00	24000.00	32900.00	RES-DIAN-2023	900.123.456-7
FAC-00377	360904183	INV-000377	2023-12-09	13:28:15	43300.00	0.00	45000.00	88300.00	RES-DIAN-2023	900.123.456-7
FAC-00378	1069817199	INV-000378	2023-12-16	22:20:24	796000.00	87173.31	0.00	883173.31	RES-DIAN-2023	900.123.456-7
FAC-00379	309655412	INV-000379	2023-10-04	19:18:01	99600.00	36524.37	0.00	136124.37	RES-DIAN-2023	900.123.456-7
FAC-00380	309853838	INV-000380	2023-01-23	12:57:41	114600.00	0.00	10000.00	124600.00	RES-DIAN-2023	900.123.456-7
FAC-00381	499407815	INV-000381	2023-03-27	20:34:34	29900.00	2582.48	1000.00	33482.48	RES-DIAN-2023	900.123.456-7
FAC-00382	772938025	INV-000382	2023-11-19	20:13:55	252500.00	65711.22	35000.00	353211.22	RES-DIAN-2023	900.123.456-7
FAC-00383	685765611	INV-000383	2023-12-26	22:47:49	995000.00	42420.64	22000.00	1059420.64	RES-DIAN-2023	900.123.456-7
FAC-00384	687430270	INV-000384	2023-08-24	19:21:02	59600.00	10048.20	5000.00	74648.20	RES-DIAN-2023	900.123.456-7
FAC-00385	309655412	INV-000385	2023-10-13	09:36:52	81600.00	9723.71	0.00	91323.71	RES-DIAN-2023	900.123.456-7
FAC-00386	73989047	INV-000386	2023-08-19	18:25:27	21000.00	13203.05	17000.00	51203.05	RES-DIAN-2023	900.123.456-7
FAC-00387	685765611	INV-000387	2023-01-04	18:46:39	69200.00	0.00	4000.00	73200.00	RES-DIAN-2023	900.123.456-7
FAC-00388	359297012	INV-000388	2023-02-07	13:59:32	25900.00	0.00	0.00	25900.00	RES-DIAN-2023	900.123.456-7
FAC-00389	574233310	INV-000389	2023-02-14	12:48:59	18000.00	17956.90	22000.00	57956.90	RES-DIAN-2023	900.123.456-7
FAC-00390	479521477	INV-000390	2023-03-22	16:14:08	190000.00	0.00	0.00	190000.00	RES-DIAN-2023	900.123.456-7
FAC-00391	787381451	INV-000391	2023-03-15	12:43:56	212500.00	0.00	0.00	212500.00	RES-DIAN-2023	900.123.456-7
FAC-00392	229494902	INV-000392	2023-10-11	21:35:09	83600.00	13373.19	0.00	96973.19	RES-DIAN-2023	900.123.456-7
FAC-00393	685765611	INV-000393	2023-10-08	09:19:13	64500.00	0.00	0.00	64500.00	RES-DIAN-2023	900.123.456-7
FAC-00394	639595552	INV-000394	2023-07-31	22:41:54	57000.00	49618.66	26000.00	132618.66	RES-DIAN-2023	900.123.456-7
FAC-00395	1104199380	INV-000395	2023-11-12	21:16:12	82500.00	0.00	7000.00	89500.00	RES-DIAN-2023	900.123.456-7
FAC-00396	740682427	INV-000396	2023-10-09	15:41:35	59700.00	0.00	5000.00	64700.00	RES-DIAN-2023	900.123.456-7
FAC-00397	309655412	INV-000397	2023-02-20	11:46:37	110400.00	19897.86	0.00	130297.86	RES-DIAN-2023	900.123.456-7
FAC-00398	481619987	INV-000398	2023-12-10	18:15:06	59700.00	28446.27	15000.00	103146.27	RES-DIAN-2023	900.123.456-7
FAC-00399	111181642	INV-000399	2023-09-06	15:21:39	59700.00	0.00	33000.00	92700.00	RES-DIAN-2023	900.123.456-7
FAC-00400	163335723	INV-000400	2023-10-18	13:51:20	43500.00	91151.15	48000.00	182651.15	RES-DIAN-2023	900.123.456-7
FAC-00401	111181642	INV-000401	2023-05-07	20:14:45	130500.00	29800.80	0.00	160300.80	RES-DIAN-2023	900.123.456-7
FAC-00402	732831292	INV-000402	2023-03-10	18:46:21	39600.00	35213.12	0.00	74813.12	RES-DIAN-2023	900.123.456-7
FAC-00403	108407116	INV-000403	2023-06-06	15:35:06	194000.00	0.00	10000.00	204000.00	RES-DIAN-2023	900.123.456-7
FAC-00404	910911954	INV-000404	2023-03-13	22:34:12	19900.00	0.00	14000.00	33900.00	RES-DIAN-2023	900.123.456-7
FAC-00405	1095242216	INV-000405	2023-02-08	22:01:54	77700.00	49118.30	0.00	126818.30	RES-DIAN-2023	900.123.456-7
FAC-00406	78252793	INV-000406	2023-10-30	11:58:02	90300.00	0.00	0.00	90300.00	RES-DIAN-2023	900.123.456-7
FAC-00407	249081663	INV-000407	2023-03-18	13:25:14	130500.00	0.00	0.00	130500.00	RES-DIAN-2023	900.123.456-7
FAC-00408	804957572	INV-000408	2023-08-26	16:32:05	173500.00	0.00	20000.00	193500.00	RES-DIAN-2023	900.123.456-7
FAC-00409	352865762	INV-000409	2023-05-03	21:51:39	63000.00	0.00	35000.00	98000.00	RES-DIAN-2023	900.123.456-7
FAC-00410	181351960	INV-000410	2023-03-23	10:36:36	44500.00	63291.38	0.00	107791.38	RES-DIAN-2023	900.123.456-7
FAC-00411	108407116	INV-000411	2023-01-21	11:48:31	171800.00	9884.60	0.00	181684.60	RES-DIAN-2023	900.123.456-7
FAC-00412	606724164	INV-000412	2023-01-22	18:13:33	80400.00	36382.86	0.00	116782.86	RES-DIAN-2023	900.123.456-7
FAC-00413	479521477	INV-000413	2023-08-21	22:02:02	58500.00	39239.12	49000.00	146739.12	RES-DIAN-2023	900.123.456-7
FAC-00414	66985561	INV-000414	2023-09-24	18:53:17	150500.00	33526.99	42000.00	226026.99	RES-DIAN-2023	900.123.456-7
FAC-00415	463082198	INV-000415	2023-12-01	14:23:37	44500.00	62725.63	0.00	107225.63	RES-DIAN-2023	900.123.456-7
FAC-00416	463082198	INV-000416	2023-04-25	16:25:22	79800.00	32835.68	0.00	112635.68	RES-DIAN-2023	900.123.456-7
FAC-00417	584969167	INV-000417	2023-11-06	08:32:56	154000.00	14837.95	8000.00	176837.95	RES-DIAN-2023	900.123.456-7
FAC-00418	437000596	INV-000418	2023-09-21	18:17:13	25000.00	15887.38	0.00	40887.38	RES-DIAN-2023	900.123.456-7
FAC-00419	574233310	INV-000419	2023-03-02	18:14:26	209000.00	0.00	41000.00	250000.00	RES-DIAN-2023	900.123.456-7
FAC-00420	584969167	INV-000420	2023-12-12	15:30:13	695000.00	0.00	0.00	695000.00	RES-DIAN-2023	900.123.456-7
FAC-00421	78934737	INV-000421	2023-05-05	08:08:36	12900.00	57047.57	30000.00	99947.57	RES-DIAN-2023	900.123.456-7
FAC-00422	535727461	INV-000422	2023-03-17	08:10:16	242500.00	0.00	0.00	242500.00	RES-DIAN-2023	900.123.456-7
FAC-00423	867706059	INV-000423	2023-10-16	18:01:56	29500.00	0.00	0.00	29500.00	RES-DIAN-2023	900.123.456-7
FAC-00424	483392624	INV-000424	2023-04-21	15:38:30	194000.00	82645.85	43000.00	319645.85	RES-DIAN-2023	900.123.456-7
FAC-00425	179222132	INV-000425	2023-11-04	10:50:37	307000.00	78284.19	0.00	385284.19	RES-DIAN-2023	900.123.456-7
FAC-00426	422936598	INV-000426	2023-12-18	13:59:29	21800.00	57437.26	30000.00	109237.26	RES-DIAN-2023	900.123.456-7
FAC-00427	463082198	INV-000427	2023-07-17	10:06:01	25900.00	0.00	0.00	25900.00	RES-DIAN-2023	900.123.456-7
FAC-00428	539628540	INV-000428	2023-11-07	09:11:30	80000.00	0.00	45000.00	125000.00	RES-DIAN-2023	900.123.456-7
FAC-00429	685765611	INV-000429	2023-09-15	20:07:05	64500.00	46796.63	25000.00	136296.63	RES-DIAN-2023	900.123.456-7
FAC-00430	152138944	INV-000430	2023-12-14	18:27:33	345000.00	41065.68	0.00	386065.68	RES-DIAN-2023	900.123.456-7
FAC-00431	606724164	INV-000431	2023-09-04	20:49:24	42500.00	0.00	18000.00	60500.00	RES-DIAN-2023	900.123.456-7
FAC-00432	159368553	INV-000432	2023-03-10	12:30:49	97000.00	23546.95	0.00	120546.95	RES-DIAN-2023	900.123.456-7
FAC-00433	867706059	INV-000433	2023-10-06	14:16:12	34600.00	0.00	1000.00	35600.00	RES-DIAN-2023	900.123.456-7
FAC-00434	535727461	INV-000434	2023-09-25	09:33:00	43500.00	36815.28	0.00	80315.28	RES-DIAN-2023	900.123.456-7
FAC-00435	179222132	INV-000435	2023-07-05	09:09:27	127500.00	26341.78	0.00	153841.78	RES-DIAN-2023	900.123.456-7
FAC-00436	685765611	INV-000436	2023-08-05	17:23:39	150500.00	0.00	0.00	150500.00	RES-DIAN-2023	900.123.456-7
FAC-00437	740682427	INV-000437	2023-04-15	14:35:50	21000.00	53809.08	0.00	74809.08	RES-DIAN-2023	900.123.456-7
FAC-00438	917557512	INV-000438	2023-10-12	15:16:19	79000.00	0.00	0.00	79000.00	RES-DIAN-2023	900.123.456-7
FAC-00439	230106707	INV-000439	2023-03-12	21:55:42	22000.00	12986.88	0.00	34986.88	RES-DIAN-2023	900.123.456-7
FAC-00440	359297012	INV-000440	2023-03-24	09:13:32	43500.00	16501.99	21000.00	81001.99	RES-DIAN-2023	900.123.456-7
FAC-00441	226898920	INV-000441	2023-07-19	18:00:51	54200.00	10380.35	0.00	64580.35	RES-DIAN-2023	900.123.456-7
FAC-00442	867706059	INV-000442	2023-08-11	09:04:16	597000.00	22546.81	12000.00	631546.81	RES-DIAN-2023	900.123.456-7
FAC-00443	459912919	INV-000443	2023-07-16	22:25:39	244500.00	26522.07	33000.00	304022.07	RES-DIAN-2023	900.123.456-7
FAC-00444	152138944	INV-000444	2023-03-31	18:31:28	103600.00	0.00	0.00	103600.00	RES-DIAN-2023	900.123.456-7
FAC-00445	589708537	INV-000445	2023-01-18	20:38:32	79800.00	49922.25	26000.00	155722.25	RES-DIAN-2023	900.123.456-7
FAC-00446	217696843	INV-000446	2023-01-19	13:15:41	66000.00	1926.74	1000.00	68926.74	RES-DIAN-2023	900.123.456-7
FAC-00447	910911954	INV-000447	2023-07-24	13:42:25	19800.00	39647.48	21000.00	80447.48	RES-DIAN-2023	900.123.456-7
FAC-00448	230106707	INV-000448	2023-12-27	09:58:05	271000.00	0.00	0.00	271000.00	RES-DIAN-2023	900.123.456-7
FAC-00449	995376852	INV-000449	2023-05-22	11:38:12	96000.00	18626.55	23000.00	137626.55	RES-DIAN-2023	900.123.456-7
FAC-00450	338224239	INV-000450	2023-03-31	14:32:06	129600.00	0.00	0.00	129600.00	RES-DIAN-2023	900.123.456-7
FAC-00451	63710184	INV-000451	2023-03-01	20:32:16	77700.00	0.00	0.00	77700.00	RES-DIAN-2023	900.123.456-7
FAC-00452	343889688	INV-000452	2023-08-15	14:36:30	127500.00	30982.71	0.00	158482.71	RES-DIAN-2023	900.123.456-7
FAC-00453	245469722	INV-000453	2023-08-24	22:37:55	41700.00	4446.35	0.00	46146.35	RES-DIAN-2023	900.123.456-7
FAC-00454	472382781	INV-000454	2023-07-15	18:50:14	188800.00	64920.60	0.00	253720.60	RES-DIAN-2023	900.123.456-7
FAC-00455	179222132	INV-000455	2023-06-30	16:34:00	329000.00	28272.09	35000.00	392272.09	RES-DIAN-2023	900.123.456-7
FAC-00456	606943772	INV-000456	2023-02-17	14:43:47	149800.00	78342.05	41000.00	269142.05	RES-DIAN-2023	900.123.456-7
FAC-00457	479521477	INV-000457	2023-06-10	13:13:57	49800.00	55312.64	29000.00	134112.64	RES-DIAN-2023	900.123.456-7
FAC-00458	583330498	INV-000458	2023-04-13	11:47:15	453000.00	83152.33	44000.00	580152.33	RES-DIAN-2023	900.123.456-7
FAC-00459	1082090968	INV-000459	2023-05-08	21:39:22	127800.00	16423.19	9000.00	153223.19	RES-DIAN-2023	900.123.456-7
FAC-00460	483392624	INV-000460	2023-12-13	18:31:39	43300.00	0.00	1000.00	44300.00	RES-DIAN-2023	900.123.456-7
FAC-00461	584969167	INV-000461	2023-07-10	17:20:31	45000.00	0.00	0.00	45000.00	RES-DIAN-2023	900.123.456-7
FAC-00462	309853838	INV-000462	2023-04-04	20:58:32	159600.00	27992.82	15000.00	202592.82	RES-DIAN-2023	900.123.456-7
FAC-00463	600620971	INV-000463	2023-09-27	20:27:30	96000.00	89381.83	0.00	185381.83	RES-DIAN-2023	900.123.456-7
FAC-00464	509635468	INV-000464	2023-12-18	20:11:29	43500.00	0.00	0.00	43500.00	RES-DIAN-2023	900.123.456-7
FAC-00465	111181642	INV-000465	2023-12-19	08:00:43	49900.00	0.00	11000.00	60900.00	RES-DIAN-2023	900.123.456-7
FAC-00466	209170184	INV-000466	2023-07-05	17:55:16	21800.00	8136.38	10000.00	39936.38	RES-DIAN-2023	900.123.456-7
FAC-00467	748639288	INV-000467	2023-08-30	17:21:23	163200.00	8009.42	10000.00	181209.42	RES-DIAN-2023	900.123.456-7
FAC-00468	930054627	INV-000468	2023-12-25	20:23:23	10900.00	34289.58	0.00	45189.58	RES-DIAN-2023	900.123.456-7
FAC-00469	377517440	INV-000469	2023-10-20	10:36:43	139000.00	23179.56	0.00	162179.56	RES-DIAN-2023	900.123.456-7
FAC-00470	983691209	INV-000470	2023-10-12	14:54:24	181500.00	0.00	11000.00	192500.00	RES-DIAN-2023	900.123.456-7
FAC-00471	479521477	INV-000471	2023-01-05	10:26:31	79600.00	0.00	0.00	79600.00	RES-DIAN-2023	900.123.456-7
FAC-00472	309853838	INV-000472	2023-06-03	12:35:54	48500.00	23059.11	29000.00	100559.11	RES-DIAN-2023	900.123.456-7
FAC-00473	343889688	INV-000473	2023-03-25	08:13:52	35600.00	0.00	13000.00	48600.00	RES-DIAN-2023	900.123.456-7
FAC-00474	181351960	INV-000474	2023-06-21	12:23:23	85200.00	22765.72	0.00	107965.72	RES-DIAN-2023	900.123.456-7
FAC-00475	78934737	INV-000475	2023-07-30	09:22:55	199500.00	0.00	34000.00	233500.00	RES-DIAN-2023	900.123.456-7
FAC-00476	535727461	INV-000476	2023-10-22	18:41:34	38900.00	7641.92	0.00	46541.92	RES-DIAN-2023	900.123.456-7
FAC-00477	209170184	INV-000477	2023-12-11	16:31:49	181500.00	70470.59	0.00	251970.59	RES-DIAN-2023	900.123.456-7
FAC-00478	822896393	INV-000478	2023-05-27	15:40:09	76400.00	0.00	0.00	76400.00	RES-DIAN-2023	900.123.456-7
FAC-00479	930054627	INV-000479	2023-11-20	17:36:25	39600.00	80932.66	43000.00	163532.66	RES-DIAN-2023	900.123.456-7
FAC-00480	226898920	INV-000480	2023-06-25	11:20:20	39000.00	0.00	0.00	39000.00	RES-DIAN-2023	900.123.456-7
FAC-00481	574233310	INV-000481	2023-11-27	14:17:56	42500.00	18240.02	0.00	60740.02	RES-DIAN-2023	900.123.456-7
FAC-00482	179222132	INV-000482	2023-03-27	10:54:01	159600.00	13541.22	0.00	173141.22	RES-DIAN-2023	900.123.456-7
FAC-00483	578825839	INV-000483	2023-12-25	19:05:13	177600.00	17439.36	9000.00	204039.36	RES-DIAN-2023	900.123.456-7
FAC-00484	472382781	INV-000484	2023-08-31	16:03:01	73600.00	0.00	39000.00	112600.00	RES-DIAN-2023	900.123.456-7
FAC-00485	706391871	INV-000485	2023-05-15	17:09:05	53200.00	26469.44	0.00	79669.44	RES-DIAN-2023	900.123.456-7
FAC-00486	606724164	INV-000486	2023-05-07	19:18:28	133500.00	60225.35	32000.00	225725.35	RES-DIAN-2023	900.123.456-7
FAC-00487	687430270	INV-000487	2023-01-18	18:22:55	84000.00	36678.68	0.00	120678.68	RES-DIAN-2023	900.123.456-7
FAC-00488	353558720	INV-000488	2023-05-20	16:28:08	51800.00	0.00	49000.00	100800.00	RES-DIAN-2023	900.123.456-7
FAC-00489	996607411	INV-000489	2023-11-02	15:40:47	11000.00	0.00	0.00	11000.00	RES-DIAN-2023	900.123.456-7
FAC-00490	205226476	INV-000490	2023-11-24	18:34:19	388500.00	36429.79	46000.00	470929.79	RES-DIAN-2023	900.123.456-7
FAC-00491	307065154	INV-000491	2023-08-15	12:23:26	90000.00	10984.44	14000.00	114984.44	RES-DIAN-2023	900.123.456-7
FAC-00492	824874363	INV-000492	2023-09-25	21:48:54	242500.00	6142.98	0.00	248642.98	RES-DIAN-2023	900.123.456-7
FAC-00493	685765611	INV-000493	2023-01-05	19:59:31	193500.00	37920.73	0.00	231420.73	RES-DIAN-2023	900.123.456-7
FAC-00494	229494902	INV-000494	2023-08-09	20:18:38	13900.00	23426.15	0.00	37326.15	RES-DIAN-2023	900.123.456-7
FAC-00495	589708537	INV-000495	2023-07-30	22:35:27	5500.00	38651.42	0.00	44151.42	RES-DIAN-2023	900.123.456-7
FAC-00496	463082198	INV-000496	2023-04-23	12:05:27	150500.00	0.00	0.00	150500.00	RES-DIAN-2023	900.123.456-7
FAC-00497	606943772	INV-000497	2023-11-29	19:34:51	329000.00	26927.33	14000.00	369927.33	RES-DIAN-2023	900.123.456-7
FAC-00498	377517440	INV-000498	2023-03-11	12:07:40	66000.00	18649.45	0.00	84649.45	RES-DIAN-2023	900.123.456-7
FAC-00499	359297012	INV-000499	2023-11-15	15:12:20	127800.00	3705.71	2000.00	133505.71	RES-DIAN-2023	900.123.456-7
FAC-00500	377517440	INV-000500	2023-02-22	12:17:08	34600.00	0.00	36000.00	70600.00	RES-DIAN-2023	900.123.456-7
\.


--
-- TOC entry 5120 (class 0 OID 16448)
-- Dependencies: 224
-- Data for Name: ingrediente; Type: TABLE DATA; Schema: public; Owner: postgres
--

COPY public.ingrediente (id_ingrediente, nombre_ingrediente, unidad_medida, stock_minimo, estado_ingrediente) FROM stdin;
\.


--
-- TOC entry 5132 (class 0 OID 16650)
-- Dependencies: 236
-- Data for Name: ingreso_inventario; Type: TABLE DATA; Schema: public; Owner: postgres
--

COPY public.ingreso_inventario (id_ingreso, nit_proveedor, id_inventario, fecha_ingreso, hora_ingreso, cantidad_ingresada, numero_factura) FROM stdin;
\.


--
-- TOC entry 5131 (class 0 OID 16634)
-- Dependencies: 235
-- Data for Name: inventario; Type: TABLE DATA; Schema: public; Owner: postgres
--

COPY public.inventario (id_inventario, id_ingrediente, id_sede, cantidad_disponible, fecha_actualizacion) FROM stdin;
\.


--
-- TOC entry 5123 (class 0 OID 16478)
-- Dependencies: 227
-- Data for Name: mesa; Type: TABLE DATA; Schema: public; Owner: postgres
--

COPY public.mesa (id_mesa, id_sede, numero_mesa, capacidad) FROM stdin;
\.


--
-- TOC entry 5122 (class 0 OID 16472)
-- Dependencies: 226
-- Data for Name: metodo_pago; Type: TABLE DATA; Schema: public; Owner: postgres
--

COPY public.metodo_pago (id_metodo_pago, nombre_metodo, descripcion) FROM stdin;
MP_EFECTIVO	Efectivo	Pago en efectivo en moneda local al momento de la compra o entrega.
MP_TARJETA_CRED	Tarjeta de Credito	Pago electronico diferido mediante franquicias como Visa, Mastercard o Amex.
MP_TARJETA_DEB	Tarjeta de Debito	Pago electronico con debito inmediato de la cuenta de ahorros o corriente.
MP_PAYPAL	PayPal	Transaccion en linea segura mediante billetera digital vinculada a correo electronico.
MP_TRANSFERENCIA	Transferencia	Transferencia electronica bancaria directa (SPEI, ACH o transferencias locales).
MP_CRIPTOMONEDA	Criptomonedas	Pago utilizando activos digitales descentralizados como Bitcoin, Ethereum o USDT.
MP_APPLE_PAY	Apple Pay	Pago movil sin contacto y digital a traves de dispositivos del ecosistema Apple.
MP_GOOGLE_PAY	Google Pay	Plataforma de billetera digital desarrollada por Google para transacciones rapidas.
MP_CONTRAENTREGA	Contraentrega	El pago se realiza en el momento exacto de recibir el producto en fisico.
MP_VALES_DESP	Vales de Despensa	Monedero electronico corporativo destinado a la compra de canasta basica.
MP_SIN_DESC	Por Determinar	N/A
\.


--
-- TOC entry 5133 (class 0 OID 16666)
-- Dependencies: 237
-- Data for Name: pago; Type: TABLE DATA; Schema: public; Owner: postgres
--

COPY public.pago (id_pago, id_factura, id_metodo_pago, valor_pago, fecha_pago, referencia_pago) FROM stdin;
PAG-00001	FAC-00263	MP_TRANSFERENCIA	107341.31	2023-02-01 13:09:40	REF0000000337
PAG-00002	FAC-00031	MP_EFECTIVO	255206.23	2023-05-23 22:02:49	REF0000000039
PAG-00003	FAC-00484	MP_TARJETA_CRED	43136.59	2023-08-31 21:58:50	REF0000000615
PAG-00004	FAC-00484	MP_APPLE_PAY	17312.71	2023-08-31 22:09:50	REF0000000616
PAG-00005	FAC-00484	MP_VALES_DESP	52150.70	2023-08-31 22:28:50	REF0000000617
PAG-00006	FAC-00113	MP_TARJETA_CRED	28879.10	2023-01-07 05:13:49	REF0000000143
PAG-00007	FAC-00113	MP_APPLE_PAY	28120.90	2023-01-07 05:25:49	REF0000000144
PAG-00008	FAC-00417	MP_TARJETA_CRED	176837.95	2023-11-06 22:02:44	REF0000000531
PAG-00009	FAC-00500	MP_GOOGLE_PAY	70600.00	2023-02-22 04:05:31	REF0000000637
PAG-00010	FAC-00192	MP_TARJETA_CRED	35900.00	2023-08-21 21:00:59	REF0000000247
PAG-00011	FAC-00262	MP_CRIPTOMONEDA	176196.90	2023-08-17 02:22:37	REF0000000336
PAG-00012	FAC-00322	MP_TARJETA_DEB	164944.70	2023-12-27 06:08:07	REF0000000407
PAG-00013	FAC-00327	MP_TARJETA_DEB	824786.19	2023-03-01 01:01:05	REF0000000412
PAG-00014	FAC-00188	MP_EFECTIVO	134614.55	2023-11-24 22:07:54	REF0000000242
PAG-00015	FAC-00103	MP_TRANSFERENCIA	30229.69	2023-06-03 06:40:49	REF0000000130
PAG-00016	FAC-00103	MP_EFECTIVO	14784.79	2023-06-03 06:47:49	REF0000000131
PAG-00017	FAC-00003	MP_PAYPAL	139445.89	2023-04-18 22:39:58	REF0000000003
PAG-00018	FAC-00111	MP_TARJETA_DEB	77700.00	2023-02-14 15:00:24	REF0000000141
PAG-00019	FAC-00280	MP_TARJETA_CRED	249711.04	2023-09-06 12:30:11	REF0000000358
PAG-00020	FAC-00282	MP_TRANSFERENCIA	144322.53	2023-04-09 11:42:22	REF0000000360
PAG-00021	FAC-00457	MP_TARJETA_CRED	134112.64	2023-06-10 17:28:50	REF0000000579
PAG-00022	FAC-00181	MP_TARJETA_CRED	754609.49	2023-12-20 05:41:03	REF0000000234
PAG-00023	FAC-00247	MP_SIN_DESC	150019.99	2023-03-14 15:39:51	REF0000000314
PAG-00024	FAC-00247	MP_APPLE_PAY	115609.45	2023-03-14 15:49:51	REF0000000315
PAG-00025	FAC-00064	MP_TARJETA_DEB	379418.54	2023-12-05 09:52:44	REF0000000080
PAG-00026	FAC-00135	MP_TARJETA_DEB	692185.34	2023-01-23 07:03:31	REF0000000172
PAG-00027	FAC-00460	MP_TARJETA_DEB	26757.27	2023-12-13 15:40:34	REF0000000582
PAG-00028	FAC-00460	MP_APPLE_PAY	17542.73	2023-12-13 15:47:34	REF0000000583
PAG-00029	FAC-00314	MP_TARJETA_DEB	151592.28	2023-01-10 11:22:45	REF0000000398
PAG-00030	FAC-00381	MP_TARJETA_CRED	33482.48	2023-03-27 08:42:44	REF0000000482
PAG-00031	FAC-00478	MP_TARJETA_DEB	76400.00	2023-05-27 13:23:05	REF0000000608
PAG-00032	FAC-00337	MP_EFECTIVO	70210.79	2023-05-08 02:30:18	REF0000000428
PAG-00033	FAC-00217	MP_EFECTIVO	271779.34	2023-12-18 21:12:35	REF0000000279
PAG-00034	FAC-00043	MP_TRANSFERENCIA	215500.00	2023-05-29 18:12:27	REF0000000053
PAG-00035	FAC-00362	MP_EFECTIVO	247018.91	2023-07-15 03:14:46	REF0000000459
PAG-00036	FAC-00329	MP_TARJETA_DEB	20187.81	2023-02-17 17:00:26	REF0000000414
PAG-00037	FAC-00329	MP_TRANSFERENCIA	14480.67	2023-02-17 17:06:26	REF0000000415
PAG-00038	FAC-00281	MP_TARJETA_CRED	123600.00	2023-06-09 13:19:14	REF0000000359
PAG-00039	FAC-00490	MP_TARJETA_DEB	470929.79	2023-11-24 11:45:34	REF0000000625
PAG-00040	FAC-00197	MP_EFECTIVO	171000.00	2023-08-22 09:57:58	REF0000000253
PAG-00041	FAC-00315	MP_TARJETA_DEB	365104.35	2023-09-16 10:43:52	REF0000000399
PAG-00042	FAC-00293	MP_TARJETA_DEB	246188.11	2023-11-28 22:32:10	REF0000000375
PAG-00043	FAC-00393	MP_VALES_DESP	31189.39	2023-10-08 01:37:09	REF0000000498
PAG-00044	FAC-00393	MP_CRIPTOMONEDA	13339.72	2023-10-08 01:40:09	REF0000000499
PAG-00045	FAC-00393	MP_CONTRAENTREGA	19970.89	2023-10-08 01:41:09	REF0000000500
PAG-00046	FAC-00399	MP_TARJETA_DEB	92700.00	2023-09-06 17:01:31	REF0000000507
PAG-00047	FAC-00402	MP_TARJETA_DEB	74813.12	2023-03-10 13:22:51	REF0000000511
PAG-00048	FAC-00097	MP_EFECTIVO	140268.98	2023-05-05 12:53:38	REF0000000119
PAG-00049	FAC-00097	MP_PAYPAL	111515.30	2023-05-05 12:56:38	REF0000000120
PAG-00050	FAC-00242	MP_TARJETA_CRED	75340.23	2023-03-11 03:16:36	REF0000000308
PAG-00051	FAC-00264	MP_TARJETA_DEB	92501.19	2023-07-31 19:57:35	REF0000000338
PAG-00052	FAC-00026	MP_CONTRAENTREGA	53246.59	2023-08-14 20:41:45	REF0000000033
PAG-00053	FAC-00485	MP_EFECTIVO	79669.44	2023-05-15 15:58:55	REF0000000618
PAG-00054	FAC-00359	MP_TARJETA_DEB	183017.03	2023-11-29 23:16:30	REF0000000455
PAG-00055	FAC-00056	MP_APPLE_PAY	362624.11	2023-12-27 00:34:05	REF0000000069
PAG-00056	FAC-00039	MP_VALES_DESP	107921.38	2023-03-22 18:32:38	REF0000000049
PAG-00057	FAC-00244	MP_TARJETA_DEB	120895.75	2023-10-29 22:05:22	REF0000000310
PAG-00058	FAC-00244	MP_EFECTIVO	95604.25	2023-10-29 22:06:22	REF0000000311
PAG-00059	FAC-00398	MP_TARJETA_CRED	52579.24	2023-12-10 03:25:15	REF0000000505
PAG-00060	FAC-00398	MP_TRANSFERENCIA	50567.03	2023-12-10 03:34:15	REF0000000506
PAG-00061	FAC-00475	MP_CRIPTOMONEDA	233500.00	2023-07-30 16:12:27	REF0000000603
PAG-00062	FAC-00160	MP_EFECTIVO	76821.05	2023-07-30 09:35:26	REF0000000206
PAG-00063	FAC-00160	MP_GOOGLE_PAY	91019.42	2023-07-30 09:45:26	REF0000000208
PAG-00064	FAC-00160	MP_TARJETA_DEB	62781.66	2023-07-30 09:48:26	REF0000000207
PAG-00065	FAC-00415	MP_TARJETA_CRED	37850.95	2023-12-01 17:43:54	REF0000000528
PAG-00066	FAC-00415	MP_CRIPTOMONEDA	69374.68	2023-12-01 17:52:54	REF0000000529
PAG-00067	FAC-00235	MP_TARJETA_CRED	83500.00	2023-10-31 17:24:53	REF0000000301
PAG-00068	FAC-00139	MP_TARJETA_CRED	182110.89	2023-10-31 13:52:59	REF0000000178
PAG-00069	FAC-00023	MP_APPLE_PAY	278999.12	2023-08-31 23:38:29	REF0000000027
PAG-00070	FAC-00023	MP_TARJETA_CRED	94388.15	2023-08-31 23:42:29	REF0000000028
PAG-00071	FAC-00023	MP_VALES_DESP	231612.73	2023-08-31 23:50:29	REF0000000029
PAG-00072	FAC-00414	MP_EFECTIVO	226026.99	2023-09-24 02:15:11	REF0000000527
PAG-00073	FAC-00054	MP_TARJETA_CRED	38922.23	2023-10-09 11:17:42	REF0000000066
PAG-00074	FAC-00054	MP_CONTRAENTREGA	26277.77	2023-10-09 11:27:42	REF0000000067
PAG-00075	FAC-00141	MP_SIN_DESC	106684.25	2023-06-16 08:56:06	REF0000000180
PAG-00076	FAC-00353	MP_TARJETA_CRED	184703.64	2023-04-01 12:47:17	REF0000000447
PAG-00077	FAC-00353	MP_TRANSFERENCIA	147805.41	2023-04-01 12:51:17	REF0000000448
PAG-00078	FAC-00307	MP_TARJETA_CRED	43293.50	2023-01-30 11:58:26	REF0000000390
PAG-00079	FAC-00254	MP_VALES_DESP	108267.59	2023-02-17 04:09:43	REF0000000324
PAG-00080	FAC-00254	MP_TARJETA_DEB	153232.41	2023-02-17 04:17:43	REF0000000325
PAG-00081	FAC-00007	MP_TARJETA_DEB	104500.00	2023-06-26 06:55:41	REF0000000008
PAG-00082	FAC-00027	MP_TARJETA_DEB	60749.56	2023-11-10 00:20:45	REF0000000034
PAG-00083	FAC-00027	MP_VALES_DESP	112150.44	2023-11-10 00:25:45	REF0000000035
PAG-00084	FAC-00122	MP_EFECTIVO	49468.02	2023-10-07 10:01:13	REF0000000154
PAG-00085	FAC-00122	MP_GOOGLE_PAY	32760.54	2023-10-07 10:11:13	REF0000000155
PAG-00086	FAC-00122	MP_TARJETA_DEB	44171.44	2023-10-07 10:17:13	REF0000000156
PAG-00087	FAC-00219	MP_TARJETA_DEB	136018.42	2023-06-03 16:11:45	REF0000000281
PAG-00088	FAC-00306	MP_VALES_DESP	1027867.80	2023-04-03 21:39:27	REF0000000389
PAG-00089	FAC-00057	MP_TARJETA_CRED	164675.78	2023-10-02 22:39:18	REF0000000070
PAG-00090	FAC-00057	MP_CRIPTOMONEDA	132120.07	2023-10-02 22:48:18	REF0000000071
PAG-00091	FAC-00491	MP_TARJETA_DEB	36341.00	2023-08-15 20:20:21	REF0000000626
PAG-00092	FAC-00491	MP_TRANSFERENCIA	35522.61	2023-08-15 20:31:21	REF0000000627
PAG-00093	FAC-00491	MP_VALES_DESP	43120.83	2023-08-15 20:46:21	REF0000000628
PAG-00094	FAC-00268	MP_EFECTIVO	165600.00	2023-02-10 22:56:06	REF0000000342
PAG-00095	FAC-00270	MP_TARJETA_DEB	52455.67	2023-10-12 01:50:03	REF0000000344
PAG-00096	FAC-00270	MP_CONTRAENTREGA	81006.74	2023-10-12 01:54:03	REF0000000345
PAG-00097	FAC-00270	MP_GOOGLE_PAY	106137.59	2023-10-12 02:16:03	REF0000000346
PAG-00098	FAC-00363	MP_SIN_DESC	229731.69	2023-12-16 12:34:37	REF0000000460
PAG-00099	FAC-00338	MP_EFECTIVO	69500.00	2023-11-10 02:34:16	REF0000000429
PAG-00100	FAC-00017	MP_TARJETA_DEB	242500.00	2023-10-13 18:41:26	REF0000000021
PAG-00101	FAC-00428	MP_TARJETA_CRED	69166.80	2023-11-07 10:29:12	REF0000000547
PAG-00102	FAC-00428	MP_VALES_DESP	55833.20	2023-11-07 10:41:12	REF0000000548
PAG-00103	FAC-00408	MP_GOOGLE_PAY	119234.55	2023-08-26 00:52:05	REF0000000519
PAG-00104	FAC-00408	MP_VALES_DESP	74265.45	2023-08-26 01:01:05	REF0000000520
PAG-00105	FAC-00454	MP_TRANSFERENCIA	64985.35	2023-07-15 07:19:01	REF0000000574
PAG-00106	FAC-00454	MP_TARJETA_DEB	85420.74	2023-07-15 07:20:01	REF0000000575
PAG-00107	FAC-00454	MP_PAYPAL	103314.51	2023-07-15 07:25:01	REF0000000576
PAG-00108	FAC-00378	MP_TARJETA_DEB	883173.31	2023-12-16 10:54:41	REF0000000479
PAG-00109	FAC-00319	MP_TRANSFERENCIA	38900.00	2023-08-04 00:27:18	REF0000000404
PAG-00110	FAC-00377	MP_TARJETA_CRED	37082.06	2023-12-09 05:37:04	REF0000000477
PAG-00111	FAC-00377	MP_PAYPAL	51217.94	2023-12-09 05:45:04	REF0000000478
PAG-00112	FAC-00089	MP_TARJETA_CRED	90300.00	2023-03-28 11:41:14	REF0000000110
PAG-00113	FAC-00157	MP_EFECTIVO	117939.63	2023-11-12 05:30:06	REF0000000200
PAG-00114	FAC-00062	MP_TARJETA_CRED	63180.50	2023-08-30 09:04:58	REF0000000076
PAG-00115	FAC-00062	MP_VALES_DESP	31075.76	2023-08-30 09:17:58	REF0000000077
PAG-00116	FAC-00496	MP_PAYPAL	150500.00	2023-04-23 00:26:22	REF0000000633
PAG-00117	FAC-00214	MP_TRANSFERENCIA	85748.40	2023-08-20 04:13:10	REF0000000274
PAG-00118	FAC-00214	MP_SIN_DESC	150496.54	2023-08-20 04:18:10	REF0000000275
PAG-00119	FAC-00128	MP_TARJETA_CRED	187000.00	2023-05-08 07:45:23	REF0000000164
PAG-00120	FAC-00476	MP_EFECTIVO	22177.89	2023-10-22 01:01:34	REF0000000604
PAG-00121	FAC-00476	MP_APPLE_PAY	24364.03	2023-10-22 01:13:34	REF0000000605
PAG-00122	FAC-00320	MP_TARJETA_DEB	116861.09	2023-02-23 13:15:27	REF0000000405
PAG-00123	FAC-00325	MP_TARJETA_DEB	185690.04	2023-11-26 18:34:30	REF0000000410
PAG-00124	FAC-00330	MP_PAYPAL	80131.52	2023-05-20 20:21:15	REF0000000416
PAG-00125	FAC-00330	MP_TRANSFERENCIA	100499.18	2023-05-20 20:29:15	REF0000000418
PAG-00126	FAC-00330	MP_CONTRAENTREGA	56515.63	2023-05-20 20:31:15	REF0000000417
PAG-00127	FAC-00341	MP_TARJETA_DEB	203750.38	2023-08-16 07:26:38	REF0000000434
PAG-00128	FAC-00375	MP_CRIPTOMONEDA	200802.71	2023-06-28 08:43:09	REF0000000475
PAG-00129	FAC-00068	MP_TARJETA_CRED	104352.17	2023-12-05 00:44:43	REF0000000084
PAG-00130	FAC-00068	MP_SIN_DESC	91711.58	2023-12-05 00:54:43	REF0000000085
PAG-00131	FAC-00276	MP_PAYPAL	55833.39	2023-06-19 11:57:09	REF0000000353
PAG-00132	FAC-00274	MP_TARJETA_DEB	640394.38	2023-07-16 10:31:31	REF0000000351
PAG-00133	FAC-00382	MP_VALES_DESP	353211.22	2023-11-19 11:37:04	REF0000000483
PAG-00134	FAC-00234	MP_TARJETA_CRED	97562.14	2023-04-23 13:02:16	REF0000000300
PAG-00135	FAC-00272	MP_TARJETA_CRED	185004.93	2023-03-17 18:25:34	REF0000000348
PAG-00136	FAC-00189	MP_EFECTIVO	196490.78	2023-09-19 17:18:33	REF0000000243
PAG-00137	FAC-00119	MP_CONTRAENTREGA	79195.81	2023-06-14 09:42:07	REF0000000150
PAG-00138	FAC-00361	MP_TRANSFERENCIA	262224.17	2023-10-01 13:58:29	REF0000000458
PAG-00139	FAC-00094	MP_TARJETA_CRED	39000.00	2023-05-21 18:18:56	REF0000000116
PAG-00140	FAC-00225	MP_TARJETA_CRED	157488.35	2023-01-16 10:24:09	REF0000000288
PAG-00141	FAC-00115	MP_TARJETA_DEB	324839.31	2023-09-10 10:51:22	REF0000000146
PAG-00142	FAC-00001	MP_EFECTIVO	245000.00	2023-10-25 16:56:59	REF0000000001
PAG-00143	FAC-00080	MP_TARJETA_CRED	171844.55	2023-04-07 19:36:19	REF0000000097
PAG-00144	FAC-00080	MP_GOOGLE_PAY	104155.45	2023-04-07 19:40:19	REF0000000098
PAG-00145	FAC-00030	MP_EFECTIVO	112163.00	2023-12-15 20:39:43	REF0000000038
PAG-00146	FAC-00146	MP_EFECTIVO	409500.00	2023-04-06 20:43:25	REF0000000186
PAG-00147	FAC-00132	MP_TARJETA_CRED	60057.65	2023-01-13 22:45:06	REF0000000168
PAG-00148	FAC-00132	MP_VALES_DESP	47369.66	2023-01-13 22:47:06	REF0000000169
PAG-00149	FAC-00411	MP_TARJETA_CRED	181684.60	2023-01-21 12:48:28	REF0000000523
PAG-00150	FAC-00409	MP_EFECTIVO	98000.00	2023-05-03 15:28:40	REF0000000521
PAG-00151	FAC-00340	MP_PAYPAL	100451.16	2023-09-17 16:53:53	REF0000000433
PAG-00152	FAC-00256	MP_TARJETA_DEB	49500.00	2023-04-16 11:13:18	REF0000000328
PAG-00153	FAC-00290	MP_TARJETA_DEB	55600.00	2023-05-10 05:04:56	REF0000000371
PAG-00154	FAC-00373	MP_TARJETA_CRED	115234.03	2023-10-21 08:12:40	REF0000000473
PAG-00155	FAC-00498	MP_EFECTIVO	84649.45	2023-03-11 16:31:24	REF0000000635
PAG-00156	FAC-00250	MP_TARJETA_DEB	167863.64	2023-01-01 02:25:26	REF0000000319
PAG-00157	FAC-00250	MP_APPLE_PAY	228239.98	2023-01-01 02:31:26	REF0000000320
PAG-00158	FAC-00336	MP_TARJETA_CRED	324824.02	2023-06-23 04:32:27	REF0000000427
PAG-00159	FAC-00145	MP_GOOGLE_PAY	8900.00	2023-03-14 04:49:40	REF0000000185
PAG-00160	FAC-00442	MP_TARJETA_DEB	631546.81	2023-08-11 18:52:00	REF0000000562
PAG-00161	FAC-00101	MP_TARJETA_CRED	27539.66	2023-01-24 09:41:41	REF0000000125
PAG-00162	FAC-00101	MP_VALES_DESP	16171.77	2023-01-24 09:49:41	REF0000000126
PAG-00163	FAC-00101	MP_SIN_DESC	62288.57	2023-01-24 10:01:41	REF0000000127
PAG-00164	FAC-00349	MP_EFECTIVO	72533.24	2023-05-11 23:55:58	REF0000000443
PAG-00165	FAC-00468	MP_TARJETA_CRED	16200.35	2023-12-25 06:19:16	REF0000000592
PAG-00166	FAC-00468	MP_APPLE_PAY	28989.23	2023-12-25 06:32:16	REF0000000593
PAG-00167	FAC-00123	MP_TARJETA_DEB	286792.34	2023-04-18 10:32:17	REF0000000157
PAG-00168	FAC-00218	MP_TARJETA_CRED	149761.28	2023-03-17 19:13:43	REF0000000280
PAG-00169	FAC-00112	MP_TARJETA_CRED	42600.00	2023-01-14 00:02:16	REF0000000142
PAG-00170	FAC-00087	MP_APPLE_PAY	62031.24	2023-03-20 15:40:50	REF0000000107
PAG-00171	FAC-00087	MP_TRANSFERENCIA	41231.84	2023-03-20 15:48:50	REF0000000108
PAG-00172	FAC-00016	MP_VALES_DESP	233023.25	2023-12-15 09:51:30	REF0000000020
PAG-00173	FAC-00041	MP_TARJETA_DEB	174422.26	2023-10-21 07:44:35	REF0000000051
PAG-00174	FAC-00193	MP_CONTRAENTREGA	25241.85	2023-01-07 10:48:32	REF0000000248
PAG-00175	FAC-00193	MP_TRANSFERENCIA	53403.09	2023-01-07 10:50:32	REF0000000249
PAG-00176	FAC-00459	MP_SIN_DESC	153223.19	2023-05-08 09:48:40	REF0000000581
PAG-00177	FAC-00109	MP_TARJETA_CRED	84547.65	2023-07-14 19:15:19	REF0000000139
PAG-00178	FAC-00419	MP_TARJETA_CRED	250000.00	2023-03-02 05:00:46	REF0000000533
PAG-00179	FAC-00137	MP_TARJETA_CRED	27107.95	2023-10-14 16:02:58	REF0000000174
PAG-00180	FAC-00137	MP_PAYPAL	19555.92	2023-10-14 16:13:58	REF0000000175
PAG-00181	FAC-00137	MP_CRIPTOMONEDA	26036.13	2023-10-14 16:32:58	REF0000000176
PAG-00182	FAC-00273	MP_TARJETA_DEB	28052.05	2023-02-21 13:07:36	REF0000000349
PAG-00183	FAC-00273	MP_CRIPTOMONEDA	52144.78	2023-02-21 13:19:36	REF0000000350
PAG-00184	FAC-00279	MP_EFECTIVO	58022.47	2023-08-02 14:04:58	REF0000000356
PAG-00185	FAC-00279	MP_CRIPTOMONEDA	46374.34	2023-08-02 14:10:58	REF0000000357
PAG-00186	FAC-00187	MP_EFECTIVO	84722.14	2023-05-27 14:48:10	REF0000000240
PAG-00187	FAC-00187	MP_PAYPAL	140648.57	2023-05-27 14:50:10	REF0000000241
PAG-00188	FAC-00495	MP_EFECTIVO	44151.42	2023-07-30 20:22:24	REF0000000632
PAG-00189	FAC-00284	MP_TARJETA_CRED	278117.33	2023-07-23 19:09:13	REF0000000362
PAG-00190	FAC-00150	MP_TRANSFERENCIA	41879.28	2023-10-17 00:30:02	REF0000000192
PAG-00191	FAC-00150	MP_CRIPTOMONEDA	29052.02	2023-10-17 00:44:02	REF0000000193
PAG-00192	FAC-00216	MP_TRANSFERENCIA	78021.96	2023-04-17 08:05:48	REF0000000277
PAG-00193	FAC-00216	MP_PAYPAL	58550.28	2023-04-17 08:16:48	REF0000000278
PAG-00194	FAC-00088	MP_TARJETA_CRED	308723.74	2023-12-02 06:21:31	REF0000000109
PAG-00195	FAC-00332	MP_EFECTIVO	119558.40	2023-10-30 20:46:58	REF0000000422
PAG-00196	FAC-00199	MP_TARJETA_DEB	165038.64	2023-09-18 09:17:32	REF0000000255
PAG-00197	FAC-00172	MP_TARJETA_CRED	84369.51	2023-02-16 13:15:27	REF0000000224
PAG-00198	FAC-00331	MP_GOOGLE_PAY	136214.21	2023-03-09 11:56:15	REF0000000419
PAG-00199	FAC-00331	MP_PAYPAL	73887.68	2023-03-09 12:02:15	REF0000000420
PAG-00200	FAC-00331	MP_TRANSFERENCIA	105682.20	2023-03-09 12:08:15	REF0000000421
PAG-00201	FAC-00461	MP_EFECTIVO	45000.00	2023-07-10 13:41:48	REF0000000584
PAG-00202	FAC-00165	MP_APPLE_PAY	142050.54	2023-08-23 16:38:21	REF0000000214
PAG-00203	FAC-00483	MP_SIN_DESC	72403.72	2023-12-25 18:31:25	REF0000000613
PAG-00204	FAC-00483	MP_APPLE_PAY	131635.64	2023-12-25 18:42:25	REF0000000614
PAG-00205	FAC-00053	MP_APPLE_PAY	122062.45	2023-09-02 20:49:27	REF0000000065
PAG-00206	FAC-00400	MP_GOOGLE_PAY	182651.15	2023-10-18 07:55:57	REF0000000508
PAG-00207	FAC-00073	MP_TARJETA_DEB	217548.25	2023-02-01 14:24:46	REF0000000090
PAG-00208	FAC-00374	MP_TARJETA_CRED	53400.00	2023-09-24 17:44:37	REF0000000474
PAG-00209	FAC-00121	MP_PAYPAL	70326.78	2023-07-12 02:40:34	REF0000000152
PAG-00210	FAC-00121	MP_CONTRAENTREGA	159755.48	2023-07-12 02:41:34	REF0000000153
PAG-00211	FAC-00052	MP_TRANSFERENCIA	185018.34	2023-03-02 07:19:41	REF0000000064
PAG-00212	FAC-00076	MP_TARJETA_CRED	77458.59	2023-04-26 08:38:22	REF0000000093
PAG-00213	FAC-00451	MP_EFECTIVO	77700.00	2023-03-01 12:41:45	REF0000000571
PAG-00214	FAC-00277	MP_TARJETA_DEB	80789.21	2023-06-22 09:29:48	REF0000000354
PAG-00215	FAC-00241	MP_APPLE_PAY	36771.85	2023-07-11 07:08:19	REF0000000307
PAG-00216	FAC-00387	MP_TRANSFERENCIA	34079.88	2023-01-04 09:17:21	REF0000000491
PAG-00217	FAC-00387	MP_APPLE_PAY	39120.12	2023-01-04 09:29:21	REF0000000492
PAG-00218	FAC-00424	MP_TARJETA_CRED	319645.85	2023-04-21 08:48:03	REF0000000540
PAG-00219	FAC-00118	MP_EFECTIVO	120800.00	2023-08-14 10:14:24	REF0000000149
PAG-00220	FAC-00085	MP_VALES_DESP	196733.04	2023-06-13 18:51:45	REF0000000105
PAG-00221	FAC-00153	MP_VALES_DESP	54717.05	2023-01-22 11:14:11	REF0000000196
PAG-00222	FAC-00440	MP_EFECTIVO	81001.99	2023-03-24 00:54:12	REF0000000560
PAG-00223	FAC-00296	MP_GOOGLE_PAY	431297.85	2023-06-13 22:49:56	REF0000000378
PAG-00224	FAC-00474	MP_TRANSFERENCIA	48422.96	2023-06-21 02:38:33	REF0000000600
PAG-00225	FAC-00474	MP_TARJETA_CRED	17941.82	2023-06-21 02:52:33	REF0000000601
PAG-00226	FAC-00474	MP_CRIPTOMONEDA	41600.94	2023-06-21 03:04:33	REF0000000602
PAG-00227	FAC-00465	MP_GOOGLE_PAY	60900.00	2023-12-19 17:20:26	REF0000000589
PAG-00228	FAC-00447	MP_TARJETA_CRED	80447.48	2023-07-24 12:47:57	REF0000000567
PAG-00229	FAC-00098	MP_TARJETA_CRED	151500.00	2023-07-27 04:50:50	REF0000000121
PAG-00230	FAC-00309	MP_TRANSFERENCIA	115617.04	2023-07-16 15:50:45	REF0000000392
PAG-00231	FAC-00350	MP_TARJETA_CRED	185390.60	2023-04-08 08:39:39	REF0000000444
PAG-00232	FAC-00345	MP_TARJETA_CRED	66500.00	2023-04-25 04:23:54	REF0000000439
PAG-00233	FAC-00422	MP_TRANSFERENCIA	242500.00	2023-03-17 08:58:39	REF0000000537
PAG-00234	FAC-00441	MP_APPLE_PAY	64580.35	2023-07-19 19:26:11	REF0000000561
PAG-00235	FAC-00449	MP_TARJETA_DEB	137626.55	2023-05-22 17:28:28	REF0000000569
PAG-00236	FAC-00061	MP_SIN_DESC	180200.00	2023-02-07 01:02:51	REF0000000075
PAG-00237	FAC-00416	MP_PAYPAL	112635.68	2023-04-25 05:26:25	REF0000000530
PAG-00238	FAC-00107	MP_TARJETA_DEB	15407.71	2023-07-02 15:40:27	REF0000000136
PAG-00239	FAC-00107	MP_VALES_DESP	12392.29	2023-07-02 15:47:27	REF0000000137
PAG-00240	FAC-00249	MP_TARJETA_CRED	87554.47	2023-05-16 07:01:59	REF0000000317
PAG-00241	FAC-00249	MP_TRANSFERENCIA	65903.09	2023-05-16 07:06:59	REF0000000318
PAG-00242	FAC-00177	MP_APPLE_PAY	230000.00	2023-11-29 14:56:04	REF0000000230
PAG-00243	FAC-00102	MP_TRANSFERENCIA	23128.29	2023-06-11 20:42:16	REF0000000128
PAG-00244	FAC-00102	MP_SIN_DESC	39871.71	2023-06-11 20:55:16	REF0000000129
PAG-00245	FAC-00185	MP_TARJETA_CRED	144251.46	2023-10-07 03:10:44	REF0000000238
PAG-00246	FAC-00394	MP_EFECTIVO	132618.66	2023-07-31 04:57:54	REF0000000501
PAG-00247	FAC-00266	MP_TARJETA_CRED	45000.00	2023-02-10 06:51:39	REF0000000340
PAG-00248	FAC-00367	MP_TARJETA_CRED	75361.02	2023-01-28 22:13:32	REF0000000466
PAG-00249	FAC-00413	MP_GOOGLE_PAY	146739.12	2023-08-21 11:42:47	REF0000000526
PAG-00250	FAC-00385	MP_APPLE_PAY	44429.00	2023-10-13 00:02:57	REF0000000488
PAG-00251	FAC-00385	MP_TARJETA_DEB	46894.71	2023-10-13 00:07:57	REF0000000489
PAG-00252	FAC-00482	MP_EFECTIVO	173141.22	2023-03-27 20:56:27	REF0000000612
PAG-00253	FAC-00308	MP_TRANSFERENCIA	70132.71	2023-02-15 17:04:18	REF0000000391
PAG-00254	FAC-00166	MP_TARJETA_DEB	207326.64	2023-08-08 03:12:06	REF0000000215
PAG-00255	FAC-00239	MP_TARJETA_CRED	170231.01	2023-04-01 14:04:44	REF0000000305
PAG-00256	FAC-00182	MP_TARJETA_DEB	169800.00	2023-11-07 04:53:00	REF0000000235
PAG-00257	FAC-00091	MP_SIN_DESC	101618.32	2023-01-04 20:22:26	REF0000000112
PAG-00258	FAC-00311	MP_TARJETA_CRED	68474.01	2023-12-22 18:33:56	REF0000000394
PAG-00259	FAC-00311	MP_TRANSFERENCIA	67880.08	2023-12-22 18:39:56	REF0000000395
PAG-00260	FAC-00158	MP_TARJETA_CRED	108627.32	2023-05-24 01:37:34	REF0000000201
PAG-00261	FAC-00158	MP_PAYPAL	85372.68	2023-05-24 01:44:34	REF0000000202
PAG-00262	FAC-00140	MP_VALES_DESP	77000.00	2023-12-27 08:58:15	REF0000000179
PAG-00263	FAC-00211	MP_EFECTIVO	188033.74	2023-02-13 15:09:42	REF0000000271
PAG-00264	FAC-00348	MP_APPLE_PAY	103600.00	2023-02-24 16:04:23	REF0000000442
PAG-00265	FAC-00036	MP_CONTRAENTREGA	75500.00	2023-12-23 01:24:16	REF0000000045
PAG-00266	FAC-00090	MP_TARJETA_CRED	298848.99	2023-10-05 22:12:10	REF0000000111
PAG-00267	FAC-00205	MP_VALES_DESP	61214.14	2023-11-15 10:01:40	REF0000000263
PAG-00268	FAC-00205	MP_GOOGLE_PAY	55456.84	2023-11-15 10:06:40	REF0000000264
PAG-00269	FAC-00205	MP_EFECTIVO	83323.30	2023-11-15 10:13:40	REF0000000265
PAG-00270	FAC-00161	MP_TRANSFERENCIA	43300.00	2023-03-16 09:12:04	REF0000000209
PAG-00271	FAC-00215	MP_TARJETA_CRED	147936.50	2023-02-24 00:56:40	REF0000000276
PAG-00272	FAC-00125	MP_TRANSFERENCIA	178500.00	2023-08-05 14:02:45	REF0000000160
PAG-00273	FAC-00183	MP_TRANSFERENCIA	284000.00	2023-09-11 21:05:20	REF0000000236
PAG-00274	FAC-00420	MP_TARJETA_CRED	695000.00	2023-12-12 09:54:59	REF0000000534
PAG-00275	FAC-00099	MP_EFECTIVO	19527.96	2023-03-29 18:32:16	REF0000000122
PAG-00276	FAC-00099	MP_GOOGLE_PAY	29181.30	2023-03-29 18:44:16	REF0000000123
PAG-00277	FAC-00494	MP_GOOGLE_PAY	37326.15	2023-08-09 08:00:52	REF0000000631
PAG-00278	FAC-00086	MP_PAYPAL	107200.00	2023-03-16 19:01:27	REF0000000106
PAG-00279	FAC-00202	MP_TARJETA_CRED	169570.71	2023-07-10 19:27:27	REF0000000259
PAG-00280	FAC-00486	MP_EFECTIVO	96114.18	2023-05-07 20:23:10	REF0000000619
PAG-00281	FAC-00486	MP_CONTRAENTREGA	129611.17	2023-05-07 20:34:10	REF0000000620
PAG-00282	FAC-00445	MP_TARJETA_DEB	155722.25	2023-01-18 23:26:43	REF0000000565
PAG-00283	FAC-00201	MP_TARJETA_CRED	77397.10	2023-06-14 09:05:05	REF0000000257
PAG-00284	FAC-00201	MP_TARJETA_DEB	83638.19	2023-06-14 09:19:05	REF0000000258
PAG-00285	FAC-00434	MP_EFECTIVO	80315.28	2023-09-25 16:16:22	REF0000000554
PAG-00286	FAC-00313	MP_EFECTIVO	130935.64	2023-12-18 01:04:33	REF0000000397
PAG-00287	FAC-00444	MP_TARJETA_DEB	103600.00	2023-03-31 23:34:12	REF0000000564
PAG-00288	FAC-00371	MP_TARJETA_CRED	35050.85	2023-03-24 06:51:35	REF0000000470
PAG-00289	FAC-00371	MP_GOOGLE_PAY	53970.44	2023-03-24 06:54:35	REF0000000471
PAG-00290	FAC-00304	MP_TARJETA_DEB	141433.17	2023-07-15 18:50:25	REF0000000387
PAG-00291	FAC-00278	MP_EFECTIVO	177942.01	2023-03-10 15:06:03	REF0000000355
PAG-00292	FAC-00004	MP_TRANSFERENCIA	39900.00	2023-10-07 05:51:48	REF0000000004
PAG-00293	FAC-00126	MP_TARJETA_CRED	99112.21	2023-07-25 06:11:53	REF0000000161
PAG-00294	FAC-00126	MP_TRANSFERENCIA	50287.79	2023-07-25 06:18:53	REF0000000162
PAG-00295	FAC-00110	MP_TARJETA_CRED	69233.65	2023-02-24 11:33:30	REF0000000140
PAG-00296	FAC-00231	MP_EFECTIVO	63548.70	2023-01-14 08:17:06	REF0000000297
PAG-00297	FAC-00010	MP_TARJETA_DEB	50161.78	2023-06-10 12:10:50	REF0000000011
PAG-00298	FAC-00010	MP_EFECTIVO	40338.22	2023-06-10 12:16:50	REF0000000012
PAG-00299	FAC-00081	MP_TARJETA_CRED	66723.84	2023-04-17 01:34:21	REF0000000099
PAG-00300	FAC-00081	MP_EFECTIVO	54062.37	2023-04-17 01:42:21	REF0000000100
PAG-00301	FAC-00081	MP_CRIPTOMONEDA	84940.59	2023-04-17 01:42:21	REF0000000101
PAG-00302	FAC-00084	MP_EFECTIVO	114196.52	2023-05-14 21:03:54	REF0000000104
PAG-00303	FAC-00360	MP_PAYPAL	38208.54	2023-06-30 03:20:26	REF0000000456
PAG-00304	FAC-00360	MP_CONTRAENTREGA	34491.46	2023-06-30 03:32:26	REF0000000457
PAG-00305	FAC-00049	MP_TARJETA_CRED	162312.03	2023-01-04 11:17:01	REF0000000060
PAG-00306	FAC-00163	MP_TARJETA_CRED	107200.00	2023-11-21 07:00:54	REF0000000212
PAG-00307	FAC-00221	MP_EFECTIVO	92624.04	2023-02-01 10:26:25	REF0000000283
PAG-00308	FAC-00443	MP_TARJETA_CRED	304022.07	2023-07-16 05:18:49	REF0000000563
PAG-00309	FAC-00012	MP_TARJETA_DEB	24781.18	2023-04-21 09:09:17	REF0000000014
PAG-00310	FAC-00180	MP_GOOGLE_PAY	199500.00	2023-05-07 22:34:26	REF0000000233
PAG-00311	FAC-00077	MP_TARJETA_DEB	144784.04	2023-07-31 12:00:29	REF0000000094
PAG-00312	FAC-00175	MP_EFECTIVO	272920.08	2023-02-22 02:19:47	REF0000000227
PAG-00313	FAC-00203	MP_EFECTIVO	169431.69	2023-01-24 16:59:39	REF0000000260
PAG-00314	FAC-00114	MP_APPLE_PAY	180444.47	2023-09-24 03:01:07	REF0000000145
PAG-00315	FAC-00196	MP_TARJETA_DEB	79500.00	2023-05-20 08:52:11	REF0000000252
PAG-00316	FAC-00253	MP_TARJETA_DEB	685566.40	2023-02-23 14:51:32	REF0000000323
PAG-00317	FAC-00206	MP_TARJETA_CRED	235202.20	2023-10-07 20:39:42	REF0000000266
PAG-00318	FAC-00437	MP_EFECTIVO	74809.08	2023-04-15 07:30:19	REF0000000557
PAG-00319	FAC-00159	MP_EFECTIVO	109795.81	2023-10-21 08:00:01	REF0000000203
PAG-00320	FAC-00159	MP_CONTRAENTREGA	26979.41	2023-10-21 08:04:01	REF0000000204
PAG-00321	FAC-00159	MP_SIN_DESC	101024.78	2023-10-21 08:14:01	REF0000000205
PAG-00322	FAC-00471	MP_TARJETA_CRED	79600.00	2023-01-05 09:48:30	REF0000000597
PAG-00323	FAC-00456	MP_TARJETA_CRED	269142.05	2023-02-17 22:01:09	REF0000000578
PAG-00324	FAC-00425	MP_TARJETA_CRED	188915.97	2023-11-04 17:02:22	REF0000000541
PAG-00325	FAC-00425	MP_CRIPTOMONEDA	111028.09	2023-11-04 17:14:22	REF0000000543
PAG-00326	FAC-00425	MP_CONTRAENTREGA	85340.13	2023-11-04 17:16:22	REF0000000542
PAG-00327	FAC-00328	MP_SIN_DESC	178500.00	2023-11-28 02:35:36	REF0000000413
PAG-00328	FAC-00295	MP_EFECTIVO	112500.00	2023-03-18 22:03:37	REF0000000377
PAG-00329	FAC-00265	MP_PAYPAL	170719.70	2023-12-18 14:46:15	REF0000000339
PAG-00330	FAC-00045	MP_TARJETA_CRED	12076.39	2023-04-09 18:36:33	REF0000000055
PAG-00331	FAC-00045	MP_TRANSFERENCIA	24293.39	2023-04-09 18:38:33	REF0000000056
PAG-00332	FAC-00318	MP_EFECTIVO	325151.73	2023-05-10 18:43:53	REF0000000402
PAG-00333	FAC-00318	MP_GOOGLE_PAY	380848.27	2023-05-10 18:46:53	REF0000000403
PAG-00334	FAC-00226	MP_TARJETA_CRED	210500.00	2023-05-24 10:11:43	REF0000000289
PAG-00335	FAC-00194	MP_TRANSFERENCIA	97562.48	2023-09-22 23:26:56	REF0000000250
PAG-00336	FAC-00310	MP_TARJETA_DEB	36700.00	2023-09-29 03:09:59	REF0000000393
PAG-00337	FAC-00271	MP_TARJETA_DEB	174274.93	2023-12-25 15:26:47	REF0000000347
PAG-00338	FAC-00470	MP_VALES_DESP	192500.00	2023-10-12 19:43:54	REF0000000596
PAG-00339	FAC-00439	MP_TARJETA_DEB	34986.88	2023-03-12 02:17:04	REF0000000559
PAG-00340	FAC-00260	MP_SIN_DESC	33508.16	2023-06-07 06:22:26	REF0000000333
PAG-00341	FAC-00260	MP_CONTRAENTREGA	37891.84	2023-06-07 06:27:26	REF0000000334
PAG-00342	FAC-00396	MP_GOOGLE_PAY	64700.00	2023-10-09 13:03:36	REF0000000503
PAG-00343	FAC-00379	MP_EFECTIVO	136124.37	2023-10-04 23:45:48	REF0000000480
PAG-00344	FAC-00024	MP_TRANSFERENCIA	71811.96	2023-01-27 06:30:32	REF0000000030
PAG-00345	FAC-00024	MP_CRIPTOMONEDA	35788.04	2023-01-27 06:31:32	REF0000000031
PAG-00346	FAC-00212	MP_TARJETA_CRED	127368.72	2023-10-18 08:54:50	REF0000000272
PAG-00347	FAC-00473	MP_TARJETA_DEB	48600.00	2023-03-25 10:23:38	REF0000000599
PAG-00348	FAC-00037	MP_TARJETA_DEB	25367.48	2023-01-26 21:05:27	REF0000000046
PAG-00349	FAC-00037	MP_CONTRAENTREGA	27542.55	2023-01-26 21:13:27	REF0000000047
PAG-00350	FAC-00358	MP_TARJETA_CRED	89265.35	2023-04-18 04:04:13	REF0000000453
PAG-00351	FAC-00358	MP_PAYPAL	158734.65	2023-04-18 04:12:13	REF0000000454
PAG-00352	FAC-00365	MP_TARJETA_DEB	49500.00	2023-11-28 15:13:26	REF0000000464
PAG-00353	FAC-00355	MP_APPLE_PAY	208396.50	2023-12-21 20:03:21	REF0000000450
PAG-00354	FAC-00093	MP_VALES_DESP	290258.01	2023-09-07 09:09:30	REF0000000115
PAG-00355	FAC-00033	MP_EFECTIVO	65184.01	2023-03-04 04:02:56	REF0000000041
PAG-00356	FAC-00191	MP_TARJETA_CRED	270491.04	2023-08-12 22:20:45	REF0000000246
PAG-00357	FAC-00426	MP_TARJETA_CRED	109237.26	2023-12-18 03:15:48	REF0000000544
PAG-00358	FAC-00148	MP_TARJETA_CRED	9662.13	2023-01-05 12:19:33	REF0000000189
PAG-00359	FAC-00148	MP_TRANSFERENCIA	17337.87	2023-01-05 12:28:33	REF0000000190
PAG-00360	FAC-00291	MP_EFECTIVO	210678.35	2023-07-12 19:26:39	REF0000000372
PAG-00361	FAC-00151	MP_VALES_DESP	38500.00	2023-10-03 00:29:10	REF0000000194
PAG-00362	FAC-00059	MP_TARJETA_CRED	204027.94	2023-08-21 11:48:51	REF0000000073
PAG-00363	FAC-00116	MP_TARJETA_DEB	86859.26	2023-02-09 05:29:01	REF0000000147
PAG-00364	FAC-00074	MP_EFECTIVO	94400.00	2023-09-11 22:59:51	REF0000000091
PAG-00365	FAC-00042	MP_APPLE_PAY	53789.13	2023-04-01 00:16:20	REF0000000052
PAG-00366	FAC-00435	MP_TRANSFERENCIA	153841.78	2023-07-05 17:45:04	REF0000000555
PAG-00367	FAC-00179	MP_TARJETA_CRED	63080.20	2023-03-05 09:23:31	REF0000000232
PAG-00368	FAC-00050	MP_EFECTIVO	51022.95	2023-10-26 14:57:43	REF0000000061
PAG-00369	FAC-00050	MP_APPLE_PAY	22029.93	2023-10-26 15:06:43	REF0000000062
PAG-00370	FAC-00229	MP_TRANSFERENCIA	79366.23	2023-10-06 04:47:27	REF0000000293
PAG-00371	FAC-00229	MP_TARJETA_CRED	35503.59	2023-10-06 04:53:27	REF0000000294
PAG-00372	FAC-00229	MP_TARJETA_DEB	70581.28	2023-10-06 04:53:27	REF0000000295
PAG-00373	FAC-00357	MP_EFECTIVO	231000.00	2023-10-08 12:52:02	REF0000000452
PAG-00374	FAC-00168	MP_EFECTIVO	77423.21	2023-02-20 21:40:53	REF0000000217
PAG-00375	FAC-00105	MP_EFECTIVO	64500.00	2023-02-20 21:44:50	REF0000000134
PAG-00376	FAC-00168	MP_TARJETA_CRED	39475.59	2023-02-20 21:52:53	REF0000000218
PAG-00377	FAC-00168	MP_PAYPAL	51588.26	2023-02-20 22:08:53	REF0000000219
PAG-00378	FAC-00389	MP_TARJETA_CRED	57956.90	2023-02-14 21:38:46	REF0000000494
PAG-00379	FAC-00092	MP_EFECTIVO	5832.77	2023-04-22 11:38:45	REF0000000113
PAG-00380	FAC-00092	MP_CONTRAENTREGA	7067.23	2023-04-22 11:51:45	REF0000000114
PAG-00381	FAC-00388	MP_GOOGLE_PAY	25900.00	2023-02-07 04:00:23	REF0000000493
PAG-00382	FAC-00299	MP_TARJETA_CRED	462500.00	2023-06-03 08:02:07	REF0000000381
PAG-00383	FAC-00044	MP_TARJETA_DEB	196714.06	2023-05-26 01:51:34	REF0000000054
PAG-00384	FAC-00492	MP_EFECTIVO	248642.98	2023-09-25 13:14:57	REF0000000629
PAG-00385	FAC-00155	MP_TARJETA_CRED	124277.41	2023-06-28 17:45:38	REF0000000198
PAG-00386	FAC-00002	MP_TARJETA_DEB	147800.00	2023-01-22 23:34:41	REF0000000002
PAG-00387	FAC-00480	MP_TARJETA_CRED	39000.00	2023-06-25 10:59:16	REF0000000610
PAG-00388	FAC-00019	MP_TARJETA_DEB	199500.00	2023-11-07 04:09:55	REF0000000023
PAG-00389	FAC-00452	MP_EFECTIVO	158482.71	2023-08-15 14:10:59	REF0000000572
PAG-00390	FAC-00120	MP_TARJETA_CRED	84200.00	2023-05-30 20:59:08	REF0000000151
PAG-00391	FAC-00370	MP_APPLE_PAY	97800.00	2023-09-21 15:31:05	REF0000000469
PAG-00392	FAC-00429	MP_TARJETA_DEB	136296.63	2023-09-15 18:17:41	REF0000000549
PAG-00393	FAC-00069	MP_TARJETA_DEB	74800.00	2023-02-04 04:33:07	REF0000000086
PAG-00394	FAC-00169	MP_TARJETA_CRED	104972.13	2023-08-22 20:30:42	REF0000000220
PAG-00395	FAC-00169	MP_APPLE_PAY	64126.99	2023-08-22 20:40:42	REF0000000221
PAG-00396	FAC-00487	MP_TARJETA_CRED	120678.68	2023-01-18 06:21:22	REF0000000621
PAG-00397	FAC-00499	MP_EFECTIVO	133505.71	2023-11-15 05:27:31	REF0000000636
PAG-00398	FAC-00347	MP_APPLE_PAY	126805.80	2023-06-24 21:01:02	REF0000000441
PAG-00399	FAC-00286	MP_TARJETA_CRED	50000.00	2023-03-25 14:13:02	REF0000000364
PAG-00400	FAC-00259	MP_EFECTIVO	31664.83	2023-02-19 06:55:22	REF0000000331
PAG-00401	FAC-00259	MP_CONTRAENTREGA	73150.72	2023-02-19 06:59:22	REF0000000332
PAG-00402	FAC-00108	MP_PAYPAL	290790.40	2023-11-13 17:26:18	REF0000000138
PAG-00403	FAC-00079	MP_TARJETA_CRED	78500.00	2023-04-08 07:51:29	REF0000000096
PAG-00404	FAC-00096	MP_PAYPAL	259923.62	2023-05-17 15:42:37	REF0000000118
PAG-00405	FAC-00261	MP_TARJETA_DEB	101244.00	2023-11-25 02:01:49	REF0000000335
PAG-00406	FAC-00316	MP_GOOGLE_PAY	234123.45	2023-05-11 10:03:54	REF0000000400
PAG-00407	FAC-00298	MP_TARJETA_CRED	89700.00	2023-04-24 19:15:40	REF0000000380
PAG-00408	FAC-00131	MP_TRANSFERENCIA	283000.00	2023-07-11 19:55:32	REF0000000167
PAG-00409	FAC-00018	MP_TARJETA_CRED	220772.80	2023-01-21 16:26:31	REF0000000022
PAG-00410	FAC-00124	MP_TARJETA_CRED	69294.41	2023-09-13 05:43:06	REF0000000158
PAG-00411	FAC-00124	MP_TRANSFERENCIA	51305.59	2023-09-13 05:48:06	REF0000000159
PAG-00412	FAC-00469	MP_TARJETA_DEB	66086.03	2023-10-20 12:49:38	REF0000000594
PAG-00413	FAC-00469	MP_PAYPAL	96093.53	2023-10-20 12:51:38	REF0000000595
PAG-00414	FAC-00198	MP_TRANSFERENCIA	236000.00	2023-03-22 01:24:19	REF0000000254
PAG-00415	FAC-00448	MP_TARJETA_CRED	271000.00	2023-12-27 17:50:51	REF0000000568
PAG-00416	FAC-00222	MP_TARJETA_DEB	146467.66	2023-11-19 13:06:20	REF0000000284
PAG-00417	FAC-00021	MP_TARJETA_CRED	220952.17	2023-10-16 04:23:38	REF0000000025
PAG-00418	FAC-00301	MP_TARJETA_CRED	59015.67	2023-06-21 13:33:51	REF0000000383
PAG-00419	FAC-00301	MP_APPLE_PAY	37984.33	2023-06-21 13:46:51	REF0000000384
PAG-00420	FAC-00015	MP_TARJETA_DEB	269000.00	2023-10-11 15:37:38	REF0000000019
PAG-00421	FAC-00376	MP_APPLE_PAY	32900.00	2023-04-22 00:16:50	REF0000000476
PAG-00422	FAC-00433	MP_APPLE_PAY	35600.00	2023-10-06 08:15:11	REF0000000553
PAG-00423	FAC-00227	MP_TARJETA_CRED	186971.30	2023-06-01 15:55:44	REF0000000290
PAG-00424	FAC-00227	MP_VALES_DESP	111697.82	2023-06-01 16:00:44	REF0000000291
PAG-00425	FAC-00106	MP_TARJETA_CRED	115515.09	2023-06-17 07:04:52	REF0000000135
PAG-00426	FAC-00011	MP_EFECTIVO	105000.00	2023-06-07 16:15:18	REF0000000013
PAG-00427	FAC-00100	MP_EFECTIVO	39900.00	2023-01-22 07:33:51	REF0000000124
PAG-00428	FAC-00455	MP_TARJETA_DEB	392272.09	2023-06-30 14:06:09	REF0000000577
PAG-00429	FAC-00479	MP_EFECTIVO	163532.66	2023-11-20 11:07:49	REF0000000609
PAG-00430	FAC-00228	MP_EFECTIVO	65000.00	2023-07-16 11:34:25	REF0000000292
PAG-00431	FAC-00324	MP_SIN_DESC	353473.89	2023-12-09 13:06:05	REF0000000409
PAG-00432	FAC-00047	MP_TRANSFERENCIA	162695.22	2023-11-09 22:19:26	REF0000000058
PAG-00433	FAC-00432	MP_APPLE_PAY	120546.95	2023-03-10 02:34:59	REF0000000552
PAG-00434	FAC-00209	MP_GOOGLE_PAY	137445.27	2023-05-02 06:51:46	REF0000000269
PAG-00435	FAC-00395	MP_TARJETA_DEB	89500.00	2023-11-12 09:57:03	REF0000000502
PAG-00436	FAC-00412	MP_SIN_DESC	52789.25	2023-01-22 11:49:01	REF0000000524
PAG-00437	FAC-00412	MP_TARJETA_DEB	63993.61	2023-01-22 12:02:01	REF0000000525
PAG-00438	FAC-00154	MP_APPLE_PAY	173344.80	2023-12-01 20:03:23	REF0000000197
PAG-00439	FAC-00072	MP_TARJETA_CRED	98233.04	2023-06-04 06:17:16	REF0000000089
PAG-00440	FAC-00288	MP_EFECTIVO	29674.38	2023-04-26 01:26:09	REF0000000367
PAG-00441	FAC-00288	MP_TRANSFERENCIA	37925.62	2023-04-26 01:31:09	REF0000000368
PAG-00442	FAC-00243	MP_GOOGLE_PAY	95110.73	2023-12-29 19:52:30	REF0000000309
PAG-00443	FAC-00029	MP_APPLE_PAY	105755.27	2023-07-12 01:09:08	REF0000000037
PAG-00444	FAC-00136	MP_TRANSFERENCIA	52800.00	2023-03-26 01:49:57	REF0000000173
PAG-00445	FAC-00176	MP_PAYPAL	156732.77	2023-03-10 03:50:35	REF0000000228
PAG-00446	FAC-00176	MP_SIN_DESC	69767.23	2023-03-10 04:03:35	REF0000000229
PAG-00447	FAC-00164	MP_PAYPAL	39000.00	2023-07-08 15:34:56	REF0000000213
PAG-00448	FAC-00020	MP_GOOGLE_PAY	185729.99	2023-07-21 17:24:06	REF0000000024
PAG-00449	FAC-00170	MP_EFECTIVO	223115.26	2023-05-21 04:03:31	REF0000000222
PAG-00450	FAC-00497	MP_APPLE_PAY	369927.33	2023-11-29 07:47:53	REF0000000634
PAG-00451	FAC-00405	MP_TARJETA_CRED	126818.30	2023-02-08 22:40:35	REF0000000514
PAG-00452	FAC-00013	MP_EFECTIVO	57700.71	2023-10-02 02:08:04	REF0000000015
PAG-00453	FAC-00013	MP_GOOGLE_PAY	58715.80	2023-10-02 02:21:04	REF0000000016
PAG-00454	FAC-00013	MP_CRIPTOMONEDA	77675.86	2023-10-02 02:22:04	REF0000000017
PAG-00455	FAC-00186	MP_TARJETA_DEB	64107.88	2023-02-04 22:00:23	REF0000000239
PAG-00456	FAC-00352	MP_TARJETA_DEB	144000.00	2023-09-29 05:20:21	REF0000000446
PAG-00457	FAC-00463	MP_GOOGLE_PAY	81614.79	2023-09-27 14:22:52	REF0000000586
PAG-00458	FAC-00463	MP_CRIPTOMONEDA	103767.04	2023-09-27 14:25:52	REF0000000587
PAG-00459	FAC-00129	MP_TRANSFERENCIA	70199.00	2023-11-27 18:48:33	REF0000000165
PAG-00460	FAC-00430	MP_TARJETA_DEB	386065.68	2023-12-14 14:23:16	REF0000000550
PAG-00461	FAC-00351	MP_TARJETA_CRED	170721.32	2023-08-19 10:08:33	REF0000000445
PAG-00462	FAC-00453	MP_APPLE_PAY	46146.35	2023-08-24 22:31:35	REF0000000573
PAG-00463	FAC-00083	MP_TARJETA_DEB	50095.92	2023-05-03 20:44:08	REF0000000103
PAG-00464	FAC-00152	MP_TARJETA_CRED	192000.00	2023-09-19 02:18:47	REF0000000195
PAG-00465	FAC-00397	MP_APPLE_PAY	130297.86	2023-02-20 09:02:09	REF0000000504
PAG-00466	FAC-00005	MP_TARJETA_CRED	92400.49	2023-08-21 14:15:41	REF0000000005
PAG-00467	FAC-00005	MP_APPLE_PAY	104596.26	2023-08-21 14:28:41	REF0000000006
PAG-00468	FAC-00167	MP_TARJETA_CRED	104525.25	2023-10-23 11:30:24	REF0000000216
PAG-00469	FAC-00134	MP_TARJETA_DEB	92913.12	2023-09-01 19:58:52	REF0000000171
PAG-00470	FAC-00117	MP_TARJETA_DEB	129593.88	2023-02-24 06:09:56	REF0000000148
PAG-00471	FAC-00130	MP_TARJETA_DEB	352000.00	2023-01-06 08:38:16	REF0000000166
PAG-00472	FAC-00236	MP_TARJETA_DEB	42129.72	2023-12-25 23:01:28	REF0000000302
PAG-00473	FAC-00427	MP_TARJETA_CRED	9941.96	2023-07-17 12:55:08	REF0000000545
PAG-00474	FAC-00427	MP_SIN_DESC	15958.04	2023-07-17 13:09:08	REF0000000546
PAG-00475	FAC-00070	MP_TARJETA_DEB	252151.64	2023-01-23 20:42:55	REF0000000087
PAG-00476	FAC-00407	MP_TARJETA_CRED	58238.33	2023-03-18 21:54:12	REF0000000516
PAG-00477	FAC-00407	MP_TRANSFERENCIA	34588.95	2023-03-18 21:58:12	REF0000000517
PAG-00478	FAC-00407	MP_EFECTIVO	37672.72	2023-03-18 22:16:12	REF0000000518
PAG-00479	FAC-00334	MP_TARJETA_DEB	41759.22	2023-09-07 00:33:30	REF0000000424
PAG-00480	FAC-00334	MP_CONTRAENTREGA	84168.82	2023-09-07 00:45:30	REF0000000425
PAG-00481	FAC-00048	MP_TARJETA_CRED	121782.06	2023-07-25 14:46:58	REF0000000059
PAG-00482	FAC-00292	MP_TARJETA_DEB	96073.33	2023-09-24 04:36:39	REF0000000373
PAG-00483	FAC-00292	MP_CRIPTOMONEDA	67442.42	2023-09-24 04:50:39	REF0000000374
PAG-00484	FAC-00421	MP_TRANSFERENCIA	54972.51	2023-05-05 06:32:23	REF0000000535
PAG-00485	FAC-00421	MP_APPLE_PAY	44975.06	2023-05-05 06:40:23	REF0000000536
PAG-00486	FAC-00213	MP_TARJETA_CRED	24000.00	2023-06-11 19:31:25	REF0000000273
PAG-00487	FAC-00022	MP_GOOGLE_PAY	65000.00	2023-10-26 04:46:17	REF0000000026
PAG-00488	FAC-00195	MP_APPLE_PAY	117320.16	2023-05-18 04:47:31	REF0000000251
PAG-00489	FAC-00472	MP_TARJETA_DEB	100559.11	2023-06-03 01:33:31	REF0000000598
PAG-00490	FAC-00372	MP_TRANSFERENCIA	179700.00	2023-03-20 12:28:27	REF0000000472
PAG-00491	FAC-00267	MP_APPLE_PAY	236667.69	2023-08-18 15:00:39	REF0000000341
PAG-00492	FAC-00063	MP_TARJETA_DEB	110077.64	2023-07-15 10:33:24	REF0000000078
PAG-00493	FAC-00063	MP_APPLE_PAY	54267.64	2023-07-15 10:38:24	REF0000000079
PAG-00494	FAC-00346	MP_TARJETA_CRED	49500.00	2023-12-03 11:33:10	REF0000000440
PAG-00495	FAC-00204	MP_EFECTIVO	15744.74	2023-02-14 04:09:20	REF0000000261
PAG-00496	FAC-00204	MP_GOOGLE_PAY	19316.90	2023-02-14 04:19:20	REF0000000262
PAG-00497	FAC-00127	MP_EFECTIVO	90000.00	2023-01-19 04:15:52	REF0000000163
PAG-00498	FAC-00384	MP_TARJETA_DEB	17556.87	2023-08-24 06:05:58	REF0000000485
PAG-00499	FAC-00384	MP_APPLE_PAY	28538.34	2023-08-24 06:17:58	REF0000000486
PAG-00500	FAC-00384	MP_CONTRAENTREGA	28552.99	2023-08-24 06:19:58	REF0000000487
PAG-00501	FAC-00458	MP_SIN_DESC	580152.33	2023-04-13 01:32:36	REF0000000580
PAG-00502	FAC-00354	MP_TRANSFERENCIA	94016.28	2023-12-03 02:47:15	REF0000000449
PAG-00503	FAC-00366	MP_EFECTIVO	137400.00	2023-12-07 16:12:21	REF0000000465
PAG-00504	FAC-00401	MP_TARJETA_DEB	50121.86	2023-05-07 07:42:23	REF0000000509
PAG-00505	FAC-00401	MP_CRIPTOMONEDA	110178.94	2023-05-07 07:51:23	REF0000000510
PAG-00506	FAC-00143	MP_EFECTIVO	249000.00	2023-03-30 15:15:01	REF0000000183
PAG-00507	FAC-00207	MP_TARJETA_CRED	1061461.20	2023-10-05 15:59:57	REF0000000267
PAG-00508	FAC-00283	MP_EFECTIVO	40105.10	2023-01-26 00:55:32	REF0000000361
PAG-00509	FAC-00390	MP_TARJETA_DEB	190000.00	2023-03-22 06:04:24	REF0000000495
PAG-00510	FAC-00369	MP_EFECTIVO	219459.50	2023-04-10 08:16:17	REF0000000468
PAG-00511	FAC-00245	MP_TARJETA_DEB	171588.97	2023-04-01 10:11:12	REF0000000312
PAG-00512	FAC-00208	MP_TRANSFERENCIA	196603.72	2023-12-03 09:58:45	REF0000000268
PAG-00513	FAC-00251	MP_TARJETA_CRED	183776.00	2023-07-13 23:22:27	REF0000000321
PAG-00514	FAC-00248	MP_TRANSFERENCIA	155352.83	2023-02-15 06:18:18	REF0000000316
PAG-00515	FAC-00436	MP_APPLE_PAY	150500.00	2023-08-05 05:30:09	REF0000000556
PAG-00516	FAC-00149	MP_TARJETA_DEB	86623.76	2023-12-17 11:42:30	REF0000000191
PAG-00517	FAC-00009	MP_TARJETA_CRED	285828.34	2023-05-29 19:02:18	REF0000000010
PAG-00518	FAC-00410	MP_TARJETA_CRED	107791.38	2023-03-23 04:06:31	REF0000000522
PAG-00519	FAC-00269	MP_GOOGLE_PAY	212009.59	2023-05-13 12:16:14	REF0000000343
PAG-00520	FAC-00294	MP_PAYPAL	207570.47	2023-06-22 09:09:18	REF0000000376
PAG-00521	FAC-00034	MP_TARJETA_DEB	65228.34	2023-03-16 18:21:58	REF0000000042
PAG-00522	FAC-00034	MP_SIN_DESC	68111.37	2023-03-16 18:23:58	REF0000000043
PAG-00523	FAC-00171	MP_TARJETA_DEB	259017.99	2023-07-22 20:45:53	REF0000000223
PAG-00524	FAC-00238	MP_CRIPTOMONEDA	236956.13	2023-09-27 08:15:22	REF0000000304
PAG-00525	FAC-00493	MP_TARJETA_DEB	231420.73	2023-01-05 09:25:55	REF0000000630
PAG-00526	FAC-00233	MP_CONTRAENTREGA	277000.00	2023-12-03 08:33:12	REF0000000299
PAG-00527	FAC-00317	MP_TARJETA_CRED	83937.60	2023-01-11 17:57:29	REF0000000401
PAG-00528	FAC-00391	MP_TARJETA_CRED	212500.00	2023-03-15 19:25:03	REF0000000496
PAG-00529	FAC-00078	MP_CONTRAENTREGA	78931.64	2023-06-19 14:58:37	REF0000000095
PAG-00530	FAC-00060	MP_EFECTIVO	253089.97	2023-06-07 16:47:43	REF0000000074
PAG-00531	FAC-00230	MP_TARJETA_CRED	153493.82	2023-09-06 20:39:40	REF0000000296
PAG-00532	FAC-00323	MP_GOOGLE_PAY	69086.97	2023-09-04 04:35:10	REF0000000408
PAG-00533	FAC-00095	MP_TARJETA_DEB	103362.36	2023-02-24 06:27:04	REF0000000117
PAG-00534	FAC-00275	MP_EFECTIVO	263487.86	2023-07-26 14:28:58	REF0000000352
PAG-00535	FAC-00223	MP_TRANSFERENCIA	162445.71	2023-04-12 17:43:39	REF0000000285
PAG-00536	FAC-00386	MP_GOOGLE_PAY	51203.05	2023-08-19 21:35:11	REF0000000490
PAG-00537	FAC-00303	MP_GOOGLE_PAY	38530.18	2023-11-21 08:28:27	REF0000000386
PAG-00538	FAC-00464	MP_EFECTIVO	43500.00	2023-12-18 22:29:56	REF0000000588
PAG-00539	FAC-00220	MP_TARJETA_CRED	213387.57	2023-10-09 12:39:38	REF0000000282
PAG-00540	FAC-00025	MP_TARJETA_CRED	262577.90	2023-12-15 23:22:20	REF0000000032
PAG-00541	FAC-00446	MP_EFECTIVO	68926.74	2023-01-19 11:48:57	REF0000000566
PAG-00542	FAC-00431	MP_PAYPAL	60500.00	2023-09-04 06:18:47	REF0000000551
PAG-00543	FAC-00138	MP_TARJETA_DEB	21900.00	2023-11-24 18:37:33	REF0000000177
PAG-00544	FAC-00423	MP_APPLE_PAY	18567.72	2023-10-16 17:33:52	REF0000000538
PAG-00545	FAC-00423	MP_VALES_DESP	10932.28	2023-10-16 17:38:52	REF0000000539
PAG-00546	FAC-00252	MP_TARJETA_CRED	82710.73	2023-08-20 19:57:23	REF0000000322
PAG-00547	FAC-00481	MP_EFECTIVO	60740.02	2023-11-27 00:00:58	REF0000000611
PAG-00548	FAC-00333	MP_TARJETA_CRED	232500.00	2023-07-03 23:39:41	REF0000000423
PAG-00549	FAC-00065	MP_TARJETA_CRED	162663.59	2023-10-03 15:54:24	REF0000000081
PAG-00550	FAC-00326	MP_GOOGLE_PAY	58122.57	2023-01-21 12:52:35	REF0000000411
PAG-00551	FAC-00133	MP_TRANSFERENCIA	227491.47	2023-03-14 12:57:10	REF0000000170
PAG-00552	FAC-00321	MP_TARJETA_DEB	46500.00	2023-04-12 16:25:59	REF0000000406
PAG-00553	FAC-00104	MP_EFECTIVO	80430.95	2023-03-13 10:58:38	REF0000000132
PAG-00554	FAC-00104	MP_CONTRAENTREGA	65569.05	2023-03-13 11:12:38	REF0000000133
PAG-00555	FAC-00184	MP_TARJETA_DEB	80600.00	2023-01-07 21:09:55	REF0000000237
PAG-00556	FAC-00342	MP_TARJETA_DEB	38537.44	2023-03-02 19:57:26	REF0000000435
PAG-00557	FAC-00342	MP_CONTRAENTREGA	45459.11	2023-03-02 20:12:26	REF0000000436
PAG-00558	FAC-00257	MP_GOOGLE_PAY	149700.00	2023-05-25 03:22:47	REF0000000329
PAG-00559	FAC-00300	MP_TRANSFERENCIA	57300.00	2023-02-19 17:53:51	REF0000000382
PAG-00560	FAC-00312	MP_APPLE_PAY	100479.76	2023-02-03 23:51:22	REF0000000396
PAG-00561	FAC-00067	MP_PAYPAL	391000.00	2023-05-07 14:59:02	REF0000000083
PAG-00562	FAC-00246	MP_EFECTIVO	243577.20	2023-11-05 05:17:09	REF0000000313
PAG-00563	FAC-00224	MP_TARJETA_DEB	63924.75	2023-01-22 06:19:46	REF0000000286
PAG-00564	FAC-00224	MP_CRIPTOMONEDA	122801.21	2023-01-22 06:28:46	REF0000000287
PAG-00565	FAC-00297	MP_EFECTIVO	131000.00	2023-08-03 09:20:50	REF0000000379
PAG-00566	FAC-00006	MP_TARJETA_CRED	95600.00	2023-04-15 14:26:24	REF0000000007
PAG-00567	FAC-00406	MP_TARJETA_CRED	90300.00	2023-10-30 21:07:10	REF0000000515
PAG-00568	FAC-00200	MP_APPLE_PAY	38461.26	2023-07-06 17:12:31	REF0000000256
PAG-00569	FAC-00287	MP_TARJETA_CRED	91598.61	2023-01-15 17:50:03	REF0000000365
PAG-00570	FAC-00287	MP_CRIPTOMONEDA	186292.16	2023-01-15 17:52:03	REF0000000366
PAG-00571	FAC-00055	MP_TARJETA_CRED	300688.87	2023-05-07 19:26:50	REF0000000068
PAG-00572	FAC-00232	MP_EFECTIVO	332163.30	2023-09-29 15:49:26	REF0000000298
PAG-00573	FAC-00403	MP_EFECTIVO	204000.00	2023-06-06 17:32:21	REF0000000512
PAG-00574	FAC-00032	MP_TARJETA_CRED	55228.00	2023-04-17 00:45:55	REF0000000040
PAG-00575	FAC-00082	MP_SIN_DESC	324000.00	2023-03-02 15:46:28	REF0000000102
PAG-00576	FAC-00038	MP_PAYPAL	110860.73	2023-07-31 08:42:39	REF0000000048
PAG-00577	FAC-00305	MP_GOOGLE_PAY	253839.54	2023-06-25 11:14:44	REF0000000388
PAG-00578	FAC-00008	MP_TARJETA_DEB	240757.39	2023-05-04 15:22:51	REF0000000009
PAG-00579	FAC-00035	MP_CONTRAENTREGA	171600.00	2023-12-02 07:05:02	REF0000000044
PAG-00580	FAC-00066	MP_EFECTIVO	72288.48	2023-01-12 16:42:24	REF0000000082
PAG-00581	FAC-00040	MP_TARJETA_DEB	55972.17	2023-04-13 22:15:05	REF0000000050
PAG-00582	FAC-00462	MP_EFECTIVO	202592.82	2023-04-04 10:11:00	REF0000000585
PAG-00583	FAC-00404	MP_GOOGLE_PAY	33900.00	2023-03-13 14:52:18	REF0000000513
PAG-00584	FAC-00142	MP_TARJETA_DEB	25220.00	2023-07-18 14:11:04	REF0000000181
PAG-00585	FAC-00142	MP_APPLE_PAY	23557.90	2023-07-18 14:20:04	REF0000000182
PAG-00586	FAC-00383	MP_TARJETA_CRED	1059420.64	2023-12-26 16:10:02	REF0000000484
PAG-00587	FAC-00190	MP_SIN_DESC	52887.81	2023-11-21 20:17:52	REF0000000244
PAG-00588	FAC-00190	MP_TARJETA_CRED	81618.48	2023-11-21 20:18:52	REF0000000245
PAG-00589	FAC-00162	MP_GOOGLE_PAY	200419.73	2023-03-14 17:37:36	REF0000000210
PAG-00590	FAC-00162	MP_PAYPAL	241990.53	2023-03-14 17:52:36	REF0000000211
PAG-00591	FAC-00356	MP_EFECTIVO	9000.00	2023-03-10 12:25:01	REF0000000451
PAG-00592	FAC-00240	MP_TARJETA_CRED	138400.00	2023-10-28 15:06:46	REF0000000306
PAG-00593	FAC-00477	MP_TARJETA_CRED	169598.94	2023-12-11 12:25:58	REF0000000606
PAG-00594	FAC-00477	MP_TARJETA_DEB	82371.65	2023-12-11 12:30:58	REF0000000607
PAG-00595	FAC-00368	MP_GOOGLE_PAY	95000.00	2023-12-27 03:03:46	REF0000000467
PAG-00596	FAC-00488	MP_TARJETA_DEB	42402.50	2023-05-20 14:36:07	REF0000000622
PAG-00597	FAC-00488	MP_TRANSFERENCIA	58397.50	2023-05-20 14:40:07	REF0000000623
PAG-00598	FAC-00014	MP_GOOGLE_PAY	63600.00	2023-07-26 00:40:35	REF0000000018
PAG-00599	FAC-00173	MP_TARJETA_DEB	153500.00	2023-04-26 02:24:34	REF0000000225
PAG-00600	FAC-00051	MP_TARJETA_CRED	95600.00	2023-12-08 06:47:07	REF0000000063
PAG-00601	FAC-00339	MP_TARJETA_CRED	26267.14	2023-03-26 08:27:30	REF0000000430
PAG-00602	FAC-00339	MP_CONTRAENTREGA	10434.92	2023-03-26 08:33:30	REF0000000431
PAG-00603	FAC-00339	MP_TARJETA_DEB	19966.79	2023-03-26 08:49:30	REF0000000432
PAG-00604	FAC-00144	MP_GOOGLE_PAY	89930.88	2023-03-10 12:10:15	REF0000000184
PAG-00605	FAC-00058	MP_GOOGLE_PAY	48900.00	2023-04-16 06:17:46	REF0000000072
PAG-00606	FAC-00302	MP_CRIPTOMONEDA	94276.16	2023-06-19 20:06:10	REF0000000385
PAG-00607	FAC-00344	MP_EFECTIVO	192683.35	2023-10-15 01:00:25	REF0000000438
PAG-00608	FAC-00392	MP_PAYPAL	96973.19	2023-10-11 02:57:23	REF0000000497
PAG-00609	FAC-00046	MP_TRANSFERENCIA	276000.00	2023-04-06 20:09:30	REF0000000057
PAG-00610	FAC-00364	MP_TARJETA_DEB	22913.35	2023-10-05 15:39:45	REF0000000461
PAG-00611	FAC-00364	MP_TARJETA_CRED	26894.58	2023-10-05 15:45:45	REF0000000463
PAG-00612	FAC-00364	MP_SIN_DESC	22992.07	2023-10-05 15:50:45	REF0000000462
PAG-00613	FAC-00489	MP_TARJETA_CRED	11000.00	2023-11-02 18:18:11	REF0000000624
PAG-00614	FAC-00466	MP_APPLE_PAY	39936.38	2023-07-05 12:06:38	REF0000000590
PAG-00615	FAC-00075	MP_TARJETA_CRED	39000.00	2023-08-02 13:30:54	REF0000000092
PAG-00616	FAC-00418	MP_TARJETA_CRED	40887.38	2023-09-21 10:17:31	REF0000000532
PAG-00617	FAC-00156	MP_TARJETA_DEB	59700.00	2023-10-29 11:51:46	REF0000000199
PAG-00618	FAC-00255	MP_TARJETA_DEB	44450.93	2023-12-01 13:02:33	REF0000000326
PAG-00619	FAC-00255	MP_EFECTIVO	69873.13	2023-12-01 13:17:33	REF0000000327
PAG-00620	FAC-00285	MP_PAYPAL	145500.00	2023-11-01 21:39:59	REF0000000363
PAG-00621	FAC-00174	MP_TARJETA_DEB	91576.47	2023-08-05 07:06:26	REF0000000226
PAG-00622	FAC-00258	MP_TARJETA_DEB	170000.00	2023-01-28 21:30:14	REF0000000330
PAG-00623	FAC-00237	MP_TARJETA_CRED	384802.96	2023-06-08 07:34:55	REF0000000303
PAG-00624	FAC-00450	MP_TRANSFERENCIA	129600.00	2023-03-31 21:29:04	REF0000000570
PAG-00625	FAC-00467	MP_EFECTIVO	181209.42	2023-08-30 23:05:24	REF0000000591
PAG-00626	FAC-00210	MP_TARJETA_CRED	63143.77	2023-01-23 02:42:16	REF0000000270
PAG-00627	FAC-00380	MP_TARJETA_DEB	124600.00	2023-01-23 15:32:26	REF0000000481
PAG-00628	FAC-00289	MP_TARJETA_CRED	215049.21	2023-12-16 14:34:50	REF0000000369
PAG-00629	FAC-00289	MP_TARJETA_DEB	155669.23	2023-12-16 14:43:50	REF0000000370
PAG-00630	FAC-00343	MP_TARJETA_CRED	80000.00	2023-10-13 11:39:09	REF0000000437
PAG-00631	FAC-00028	MP_PAYPAL	120400.00	2023-03-12 20:12:09	REF0000000036
PAG-00632	FAC-00147	MP_TARJETA_DEB	36157.20	2023-03-27 17:54:47	REF0000000187
PAG-00633	FAC-00147	MP_CONTRAENTREGA	25477.06	2023-03-27 18:01:47	REF0000000188
PAG-00634	FAC-00335	MP_PAYPAL	131000.00	2023-06-10 00:49:36	REF0000000426
PAG-00635	FAC-00071	MP_CONTRAENTREGA	159475.49	2023-05-29 15:46:29	REF0000000088
PAG-00636	FAC-00178	MP_TARJETA_DEB	99125.48	2023-11-12 16:18:40	REF0000000231
PAG-00637	FAC-00438	MP_CONTRAENTREGA	79000.00	2023-10-12 23:28:28	REF0000000558
\.


--
-- TOC entry 5128 (class 0 OID 16564)
-- Dependencies: 232
-- Data for Name: pedido; Type: TABLE DATA; Schema: public; Owner: postgres
--

COPY public.pedido (id_pedido, id_empleado, id_mesa, id_factura, id_plataforma, cedula_cliente, fecha_pedido, hora_pedido, tipo_pedido, estado_pedido, subtotal, impuestos, propina, total, observaciones) FROM stdin;
\.


--
-- TOC entry 5134 (class 0 OID 16684)
-- Dependencies: 238
-- Data for Name: pedido_proveedor; Type: TABLE DATA; Schema: public; Owner: postgres
--

COPY public.pedido_proveedor (id_pedido_prov, nit_proveedor, fecha_pedido, estado, total_pedido) FROM stdin;
\.


--
-- TOC entry 5118 (class 0 OID 16430)
-- Dependencies: 222
-- Data for Name: plataforma_domicilio; Type: TABLE DATA; Schema: public; Owner: postgres
--

COPY public.plataforma_domicilio (id_plataforma, nombre_plataforma, telefono_soporte, pagina_web) FROM stdin;
PL001	Rappi	+573001234567	rappi.com
PL002	Uber Eats	+18005550143	ubereats.com
PL003	iFood	+551199999999	ifood.com
PL004	Didi Food	+525555551234	didifood.com
PL005	DoorDash	+18559731040	doordash.com
PL006	Grubhub	+18775851447	grubhub.com
PL007	Just Eat	+442087362000	\N
PL008	PedidosYa	+541147778888	pedidosya.com
\.


--
-- TOC entry 5127 (class 0 OID 16549)
-- Dependencies: 231
-- Data for Name: producto; Type: TABLE DATA; Schema: public; Owner: postgres
--

COPY public.producto (id_producto, id_categoria, nombre_producto, descripcion, precio, estado_producto) FROM stdin;
\.


--
-- TOC entry 5130 (class 0 OID 16618)
-- Dependencies: 234
-- Data for Name: producto_ingrediente; Type: TABLE DATA; Schema: public; Owner: postgres
--

COPY public.producto_ingrediente (id_producto, id_ingrediente, cantidad_utilizada) FROM stdin;
\.


--
-- TOC entry 5121 (class 0 OID 16457)
-- Dependencies: 225
-- Data for Name: proveedor; Type: TABLE DATA; Schema: public; Owner: postgres
--

COPY public.proveedor (nit_proveedor, nombre_proveedor, telefono, direccion, correo, tipo_proveedor, estado_proveedor) FROM stdin;
900123456-1	OceanFresh SAS	6017234501	Calle 13 #80-25 Bogota	contacto@oceanfresh.com.co	Pescado y Mariscos	Activo
900234567-2	ArrociCo Ltda	6047345612	Carrera 48 #10-30 Medellin	ventas@arrocico.com.co	Granos y Cereales	Activo
900345678-3	VerdeMar Ltda	6023456723	Av. 3N #24-10 Cali	pedidos@verdemar.com.co	Vegetales y Algas	Activo
900456789-4	SalsaUmi SAS	6054567834	Calle 72 #50-40 Barranquilla	info@salsaumi.com.co	Salsas y Aderezos	Activo
900567890-5	FrigoAtun SA	6045678945	Carrera 43A #18-20 Medellin	comercial@frigoatun.com.co	Pescado y Mariscos	Activo
900678901-6	EmpaqueZen Ltda	6016789056	Av. El Dorado #68-15 Bogota	logistica@empaquez.com.co	Empaques	Activo
900789012-7	NoriPacific SAS	6017890167	Calle 26 #40-55 Bogota	nori@noripcific.com.co	Vegetales y Algas	Activo
900890123-8	AvesDelSur SA	6026901278	Carrera 1 #10-45 Cali	ventas@avesdelsur.com.co	Carnes y Aves	Activo
900901234-9	SoyaAndina Ltda	6048012389	Calle 33 #65-30 Medellin	info@soyaandina.com.co	Salsas y Aderezos	Activo
901012345-0	RefriCarga SAS	6015123490	Carrera 68 #13-20 Bogota	ops@refricarga.com.co	Logistica Fria	Activo
901123456-1	CitricosCO Ltda	6023234501	Av. Colombia #5-60 Cali	pedidos@citricoscol.com	Frutas y Citricos	Activo
901234567-2	VinagresOriente	6053345612	Carrera 54 #70-25 Barranquilla	info@vinagoresoriente.com	Salsas y Aderezos	Activo
901345678-3	LicoresFusion SA	6016456723	Calle 93 #12-40 Bogota	ventas@licoresfusion.com.co	Bebidas	Activo
901456789-4	PlasticosFlexCo	6044567834	Av. Las Vegas #50-10 Medellin	logistica@plasticoflex.com	Empaques	Activo
901567890-5	GaseosasToka SA	6025678945	Carrera 15 #8-30 Cali	dist@gaseosastoka.com.co	Bebidas	Activo
901678901-6	SalmeronBog SAS	6017789056	Calle 116 #70-20 Bogota	bogota@salmeron.com.co	Pescado y Mariscos	Activo
901789012-7	CerealPacifico	6048890167	Carrera 27 #44-55 Bucaramanga	granos@cerealpac.com.co	Granos y Cereales	Inactivo
901890123-8	HierbaMar SAS	6015901278	Av. Boyaca #5-40 Bogota	pedidos@hierba-mar.com.co	Vegetales y Algas	Activo
901901234-9	TofoKorea Ltda	6024012389	Calle 5 #36-10 Cali	soporte@tofokorea.com.co	Proteina de Soya	Activo
902012345-0	EcoFrio SAS	6044123490	Carrera 43 #55-15 Medellin	cadena@ecofrio.com.co	Logistica Fria	Activo
902123456-1	WasabiCo Ltda	6056234501	Calle 84 #38-25 Barranquilla	pedidos@wasabico.com.co	Salsas y Aderezos	Activo
902234567-2	AguaMiel SAS	6016345612	Carrera 11 #90-30 Bogota	ventas@aguamiel.com.co	Bebidas	Activo
902345678-3	MaderaPack SA	6044456723	Av. El Poblado #2-50 Medellin	empaques@maderapack.co	Empaques	Inactivo
902456789-4	PescaNorte SAS	6057567834	Carrera 38 #66-40 Barranquilla	frescos@pescanorte.com.co	Pescado y Mariscos	Activo
902567890-5	BioVerde Ltda	6023678945	Calle 23N #8-15 Cali	organicos@bioverde.com.co	Vegetales y Algas	Activo
902678901-6	SakuraBev SA	6014789056	Calle 85 #20-10 Bogota	sakura@sakurabev.com.co	Bebidas	Activo
902789012-7	CarnicosFusion	6047890167	Carrera 65 #42-30 Medellin	info@carnicosfusion.com	Carnes y Aves	Activo
902890123-8	GlacialCO SAS	6013901278	Av. 19 #4-50 Bogota	ops@glacialco.com.co	Logistica Fria	Activo
902901234-9	TiendaUmami	6024012479	Carrera 3 #40-20 Cali	umami@tiendaumami.co	Salsas y Aderezos	No hay informacion
903012345-0	SesamoAndino	6054123580	Calle 74 #46-10 Barranquilla	semillas@sesamoandino.co	Granos y Cereales	Activo
\.


--
-- TOC entry 5124 (class 0 OID 16490)
-- Dependencies: 228
-- Data for Name: reserva; Type: TABLE DATA; Schema: public; Owner: postgres
--

COPY public.reserva (id_reserva, cedula_cliente, id_mesa, fecha_reserva, hora_reserva, cantidad_personas, estado_reserva, observaciones) FROM stdin;
\.


--
-- TOC entry 5114 (class 0 OID 16400)
-- Dependencies: 218
-- Data for Name: sede; Type: TABLE DATA; Schema: public; Owner: postgres
--

COPY public.sede (id_sede, nombre_sede, direccion, telefono) FROM stdin;
\.


--
-- TOC entry 5116 (class 0 OID 16418)
-- Dependencies: 220
-- Data for Name: turno; Type: TABLE DATA; Schema: public; Owner: postgres
--

COPY public.turno (id_turno, tipo_turno, hora_inicio, hora_fin) FROM stdin;
001	Diurno	10:00:00	16:00:00
002	Nocturno	16:00:00	22:00:00
\.


--
-- TOC entry 4882 (class 2606 OID 16429)
-- Name: cargo cargo_pkey; Type: CONSTRAINT; Schema: public; Owner: postgres
--

ALTER TABLE ONLY public.cargo
    ADD CONSTRAINT cargo_pkey PRIMARY KEY (id_cargo);


--
-- TOC entry 4890 (class 2606 OID 16447)
-- Name: categoria categoria_nombre_categoria_key; Type: CONSTRAINT; Schema: public; Owner: postgres
--

ALTER TABLE ONLY public.categoria
    ADD CONSTRAINT categoria_nombre_categoria_key UNIQUE (nombre_categoria);


--
-- TOC entry 4892 (class 2606 OID 16445)
-- Name: categoria categoria_pkey; Type: CONSTRAINT; Schema: public; Owner: postgres
--

ALTER TABLE ONLY public.categoria
    ADD CONSTRAINT categoria_pkey PRIMARY KEY (id_categoria);


--
-- TOC entry 4876 (class 2606 OID 16415)
-- Name: cliente cliente_pkey; Type: CONSTRAINT; Schema: public; Owner: postgres
--

ALTER TABLE ONLY public.cliente
    ADD CONSTRAINT cliente_pkey PRIMARY KEY (cedula_cliente);


--
-- TOC entry 4878 (class 2606 OID 16417)
-- Name: cliente cliente_telefono_key; Type: CONSTRAINT; Schema: public; Owner: postgres
--

ALTER TABLE ONLY public.cliente
    ADD CONSTRAINT cliente_telefono_key UNIQUE (telefono);


--
-- TOC entry 4928 (class 2606 OID 16607)
-- Name: detalle_pedido detalle_pedido_pkey; Type: CONSTRAINT; Schema: public; Owner: postgres
--

ALTER TABLE ONLY public.detalle_pedido
    ADD CONSTRAINT detalle_pedido_pkey PRIMARY KEY (id_detalle);


--
-- TOC entry 4942 (class 2606 OID 16702)
-- Name: detalle_pedido_prov detalle_pedido_prov_pkey; Type: CONSTRAINT; Schema: public; Owner: postgres
--

ALTER TABLE ONLY public.detalle_pedido_prov
    ADD CONSTRAINT detalle_pedido_prov_pkey PRIMARY KEY (id_detalle_prov);


--
-- TOC entry 4914 (class 2606 OID 16515)
-- Name: empleado empleado_celular_key; Type: CONSTRAINT; Schema: public; Owner: postgres
--

ALTER TABLE ONLY public.empleado
    ADD CONSTRAINT empleado_celular_key UNIQUE (celular);


--
-- TOC entry 4916 (class 2606 OID 16513)
-- Name: empleado empleado_pkey; Type: CONSTRAINT; Schema: public; Owner: postgres
--

ALTER TABLE ONLY public.empleado
    ADD CONSTRAINT empleado_pkey PRIMARY KEY (cedula_empleado);


--
-- TOC entry 4918 (class 2606 OID 16543)
-- Name: factura factura_numero_factura_key; Type: CONSTRAINT; Schema: public; Owner: postgres
--

ALTER TABLE ONLY public.factura
    ADD CONSTRAINT factura_numero_factura_key UNIQUE (numero_factura);


--
-- TOC entry 4920 (class 2606 OID 16541)
-- Name: factura factura_pkey; Type: CONSTRAINT; Schema: public; Owner: postgres
--

ALTER TABLE ONLY public.factura
    ADD CONSTRAINT factura_pkey PRIMARY KEY (id_factura);


--
-- TOC entry 4894 (class 2606 OID 16456)
-- Name: ingrediente ingrediente_nombre_ingrediente_key; Type: CONSTRAINT; Schema: public; Owner: postgres
--

ALTER TABLE ONLY public.ingrediente
    ADD CONSTRAINT ingrediente_nombre_ingrediente_key UNIQUE (nombre_ingrediente);


--
-- TOC entry 4896 (class 2606 OID 16454)
-- Name: ingrediente ingrediente_pkey; Type: CONSTRAINT; Schema: public; Owner: postgres
--

ALTER TABLE ONLY public.ingrediente
    ADD CONSTRAINT ingrediente_pkey PRIMARY KEY (id_ingrediente);


--
-- TOC entry 4934 (class 2606 OID 16655)
-- Name: ingreso_inventario ingreso_inventario_pkey; Type: CONSTRAINT; Schema: public; Owner: postgres
--

ALTER TABLE ONLY public.ingreso_inventario
    ADD CONSTRAINT ingreso_inventario_pkey PRIMARY KEY (id_ingreso);


--
-- TOC entry 4932 (class 2606 OID 16639)
-- Name: inventario inventario_pkey; Type: CONSTRAINT; Schema: public; Owner: postgres
--

ALTER TABLE ONLY public.inventario
    ADD CONSTRAINT inventario_pkey PRIMARY KEY (id_inventario);


--
-- TOC entry 4910 (class 2606 OID 16484)
-- Name: mesa mesa_pkey; Type: CONSTRAINT; Schema: public; Owner: postgres
--

ALTER TABLE ONLY public.mesa
    ADD CONSTRAINT mesa_pkey PRIMARY KEY (id_mesa);


--
-- TOC entry 4908 (class 2606 OID 16477)
-- Name: metodo_pago metodo_pago_pkey; Type: CONSTRAINT; Schema: public; Owner: postgres
--

ALTER TABLE ONLY public.metodo_pago
    ADD CONSTRAINT metodo_pago_pkey PRIMARY KEY (id_metodo_pago);


--
-- TOC entry 4936 (class 2606 OID 16671)
-- Name: pago pago_pkey; Type: CONSTRAINT; Schema: public; Owner: postgres
--

ALTER TABLE ONLY public.pago
    ADD CONSTRAINT pago_pkey PRIMARY KEY (id_pago);


--
-- TOC entry 4938 (class 2606 OID 16673)
-- Name: pago pago_referencia_pago_key; Type: CONSTRAINT; Schema: public; Owner: postgres
--

ALTER TABLE ONLY public.pago
    ADD CONSTRAINT pago_referencia_pago_key UNIQUE (referencia_pago);


--
-- TOC entry 4926 (class 2606 OID 16573)
-- Name: pedido pedido_pkey; Type: CONSTRAINT; Schema: public; Owner: postgres
--

ALTER TABLE ONLY public.pedido
    ADD CONSTRAINT pedido_pkey PRIMARY KEY (id_pedido);


--
-- TOC entry 4940 (class 2606 OID 16690)
-- Name: pedido_proveedor pedido_proveedor_pkey; Type: CONSTRAINT; Schema: public; Owner: postgres
--

ALTER TABLE ONLY public.pedido_proveedor
    ADD CONSTRAINT pedido_proveedor_pkey PRIMARY KEY (id_pedido_prov);


--
-- TOC entry 4884 (class 2606 OID 16437)
-- Name: plataforma_domicilio plataforma_domicilio_nombre_plataforma_key; Type: CONSTRAINT; Schema: public; Owner: postgres
--

ALTER TABLE ONLY public.plataforma_domicilio
    ADD CONSTRAINT plataforma_domicilio_nombre_plataforma_key UNIQUE (nombre_plataforma);


--
-- TOC entry 4886 (class 2606 OID 16435)
-- Name: plataforma_domicilio plataforma_domicilio_pkey; Type: CONSTRAINT; Schema: public; Owner: postgres
--

ALTER TABLE ONLY public.plataforma_domicilio
    ADD CONSTRAINT plataforma_domicilio_pkey PRIMARY KEY (id_plataforma);


--
-- TOC entry 4888 (class 2606 OID 16439)
-- Name: plataforma_domicilio plataforma_domicilio_telefono_soporte_key; Type: CONSTRAINT; Schema: public; Owner: postgres
--

ALTER TABLE ONLY public.plataforma_domicilio
    ADD CONSTRAINT plataforma_domicilio_telefono_soporte_key UNIQUE (telefono_soporte);


--
-- TOC entry 4930 (class 2606 OID 16623)
-- Name: producto_ingrediente producto_ingrediente_pkey; Type: CONSTRAINT; Schema: public; Owner: postgres
--

ALTER TABLE ONLY public.producto_ingrediente
    ADD CONSTRAINT producto_ingrediente_pkey PRIMARY KEY (id_producto, id_ingrediente);


--
-- TOC entry 4922 (class 2606 OID 16558)
-- Name: producto producto_nombre_producto_key; Type: CONSTRAINT; Schema: public; Owner: postgres
--

ALTER TABLE ONLY public.producto
    ADD CONSTRAINT producto_nombre_producto_key UNIQUE (nombre_producto);


--
-- TOC entry 4924 (class 2606 OID 16556)
-- Name: producto producto_pkey; Type: CONSTRAINT; Schema: public; Owner: postgres
--

ALTER TABLE ONLY public.producto
    ADD CONSTRAINT producto_pkey PRIMARY KEY (id_producto);


--
-- TOC entry 4898 (class 2606 OID 16471)
-- Name: proveedor proveedor_correo_key; Type: CONSTRAINT; Schema: public; Owner: postgres
--

ALTER TABLE ONLY public.proveedor
    ADD CONSTRAINT proveedor_correo_key UNIQUE (correo);


--
-- TOC entry 4900 (class 2606 OID 16469)
-- Name: proveedor proveedor_direccion_key; Type: CONSTRAINT; Schema: public; Owner: postgres
--

ALTER TABLE ONLY public.proveedor
    ADD CONSTRAINT proveedor_direccion_key UNIQUE (direccion);


--
-- TOC entry 4902 (class 2606 OID 16465)
-- Name: proveedor proveedor_nombre_proveedor_key; Type: CONSTRAINT; Schema: public; Owner: postgres
--

ALTER TABLE ONLY public.proveedor
    ADD CONSTRAINT proveedor_nombre_proveedor_key UNIQUE (nombre_proveedor);


--
-- TOC entry 4904 (class 2606 OID 16463)
-- Name: proveedor proveedor_pkey; Type: CONSTRAINT; Schema: public; Owner: postgres
--

ALTER TABLE ONLY public.proveedor
    ADD CONSTRAINT proveedor_pkey PRIMARY KEY (nit_proveedor);


--
-- TOC entry 4906 (class 2606 OID 16467)
-- Name: proveedor proveedor_telefono_key; Type: CONSTRAINT; Schema: public; Owner: postgres
--

ALTER TABLE ONLY public.proveedor
    ADD CONSTRAINT proveedor_telefono_key UNIQUE (telefono);


--
-- TOC entry 4912 (class 2606 OID 16496)
-- Name: reserva reserva_pkey; Type: CONSTRAINT; Schema: public; Owner: postgres
--

ALTER TABLE ONLY public.reserva
    ADD CONSTRAINT reserva_pkey PRIMARY KEY (id_reserva);


--
-- TOC entry 4868 (class 2606 OID 16408)
-- Name: sede sede_direccion_key; Type: CONSTRAINT; Schema: public; Owner: postgres
--

ALTER TABLE ONLY public.sede
    ADD CONSTRAINT sede_direccion_key UNIQUE (direccion);


--
-- TOC entry 4870 (class 2606 OID 16406)
-- Name: sede sede_nombre_sede_key; Type: CONSTRAINT; Schema: public; Owner: postgres
--

ALTER TABLE ONLY public.sede
    ADD CONSTRAINT sede_nombre_sede_key UNIQUE (nombre_sede);


--
-- TOC entry 4872 (class 2606 OID 16404)
-- Name: sede sede_pkey; Type: CONSTRAINT; Schema: public; Owner: postgres
--

ALTER TABLE ONLY public.sede
    ADD CONSTRAINT sede_pkey PRIMARY KEY (id_sede);


--
-- TOC entry 4874 (class 2606 OID 16410)
-- Name: sede sede_telefono_key; Type: CONSTRAINT; Schema: public; Owner: postgres
--

ALTER TABLE ONLY public.sede
    ADD CONSTRAINT sede_telefono_key UNIQUE (telefono);


--
-- TOC entry 4880 (class 2606 OID 16423)
-- Name: turno turno_pkey; Type: CONSTRAINT; Schema: public; Owner: postgres
--

ALTER TABLE ONLY public.turno
    ADD CONSTRAINT turno_pkey PRIMARY KEY (id_turno);


--
-- TOC entry 4956 (class 2606 OID 16608)
-- Name: detalle_pedido detalle_pedido_id_pedido_fkey; Type: FK CONSTRAINT; Schema: public; Owner: postgres
--

ALTER TABLE ONLY public.detalle_pedido
    ADD CONSTRAINT detalle_pedido_id_pedido_fkey FOREIGN KEY (id_pedido) REFERENCES public.pedido(id_pedido);


--
-- TOC entry 4957 (class 2606 OID 16613)
-- Name: detalle_pedido detalle_pedido_id_producto_fkey; Type: FK CONSTRAINT; Schema: public; Owner: postgres
--

ALTER TABLE ONLY public.detalle_pedido
    ADD CONSTRAINT detalle_pedido_id_producto_fkey FOREIGN KEY (id_producto) REFERENCES public.producto(id_producto);


--
-- TOC entry 4967 (class 2606 OID 16708)
-- Name: detalle_pedido_prov detalle_pedido_prov_id_ingrediente_fkey; Type: FK CONSTRAINT; Schema: public; Owner: postgres
--

ALTER TABLE ONLY public.detalle_pedido_prov
    ADD CONSTRAINT detalle_pedido_prov_id_ingrediente_fkey FOREIGN KEY (id_ingrediente) REFERENCES public.ingrediente(id_ingrediente);


--
-- TOC entry 4968 (class 2606 OID 16703)
-- Name: detalle_pedido_prov detalle_pedido_prov_id_pedido_prov_fkey; Type: FK CONSTRAINT; Schema: public; Owner: postgres
--

ALTER TABLE ONLY public.detalle_pedido_prov
    ADD CONSTRAINT detalle_pedido_prov_id_pedido_prov_fkey FOREIGN KEY (id_pedido_prov) REFERENCES public.pedido_proveedor(id_pedido_prov);


--
-- TOC entry 4946 (class 2606 OID 16516)
-- Name: empleado empleado_id_cargo_fkey; Type: FK CONSTRAINT; Schema: public; Owner: postgres
--

ALTER TABLE ONLY public.empleado
    ADD CONSTRAINT empleado_id_cargo_fkey FOREIGN KEY (id_cargo) REFERENCES public.cargo(id_cargo);


--
-- TOC entry 4947 (class 2606 OID 16526)
-- Name: empleado empleado_id_sede_fkey; Type: FK CONSTRAINT; Schema: public; Owner: postgres
--

ALTER TABLE ONLY public.empleado
    ADD CONSTRAINT empleado_id_sede_fkey FOREIGN KEY (id_sede) REFERENCES public.sede(id_sede);


--
-- TOC entry 4948 (class 2606 OID 16521)
-- Name: empleado empleado_id_turno_fkey; Type: FK CONSTRAINT; Schema: public; Owner: postgres
--

ALTER TABLE ONLY public.empleado
    ADD CONSTRAINT empleado_id_turno_fkey FOREIGN KEY (id_turno) REFERENCES public.turno(id_turno);


--
-- TOC entry 4949 (class 2606 OID 16544)
-- Name: factura factura_cedula_cliente_fkey; Type: FK CONSTRAINT; Schema: public; Owner: postgres
--

ALTER TABLE ONLY public.factura
    ADD CONSTRAINT factura_cedula_cliente_fkey FOREIGN KEY (cedula_cliente) REFERENCES public.cliente(cedula_cliente);


--
-- TOC entry 4962 (class 2606 OID 16661)
-- Name: ingreso_inventario ingreso_inventario_id_inventario_fkey; Type: FK CONSTRAINT; Schema: public; Owner: postgres
--

ALTER TABLE ONLY public.ingreso_inventario
    ADD CONSTRAINT ingreso_inventario_id_inventario_fkey FOREIGN KEY (id_inventario) REFERENCES public.inventario(id_inventario);


--
-- TOC entry 4963 (class 2606 OID 16656)
-- Name: ingreso_inventario ingreso_inventario_nit_proveedor_fkey; Type: FK CONSTRAINT; Schema: public; Owner: postgres
--

ALTER TABLE ONLY public.ingreso_inventario
    ADD CONSTRAINT ingreso_inventario_nit_proveedor_fkey FOREIGN KEY (nit_proveedor) REFERENCES public.proveedor(nit_proveedor);


--
-- TOC entry 4960 (class 2606 OID 16640)
-- Name: inventario inventario_id_ingrediente_fkey; Type: FK CONSTRAINT; Schema: public; Owner: postgres
--

ALTER TABLE ONLY public.inventario
    ADD CONSTRAINT inventario_id_ingrediente_fkey FOREIGN KEY (id_ingrediente) REFERENCES public.ingrediente(id_ingrediente);


--
-- TOC entry 4961 (class 2606 OID 16645)
-- Name: inventario inventario_id_sede_fkey; Type: FK CONSTRAINT; Schema: public; Owner: postgres
--

ALTER TABLE ONLY public.inventario
    ADD CONSTRAINT inventario_id_sede_fkey FOREIGN KEY (id_sede) REFERENCES public.sede(id_sede);


--
-- TOC entry 4943 (class 2606 OID 16485)
-- Name: mesa mesa_id_sede_fkey; Type: FK CONSTRAINT; Schema: public; Owner: postgres
--

ALTER TABLE ONLY public.mesa
    ADD CONSTRAINT mesa_id_sede_fkey FOREIGN KEY (id_sede) REFERENCES public.sede(id_sede);


--
-- TOC entry 4964 (class 2606 OID 16674)
-- Name: pago pago_id_factura_fkey; Type: FK CONSTRAINT; Schema: public; Owner: postgres
--

ALTER TABLE ONLY public.pago
    ADD CONSTRAINT pago_id_factura_fkey FOREIGN KEY (id_factura) REFERENCES public.factura(id_factura);


--
-- TOC entry 4965 (class 2606 OID 16679)
-- Name: pago pago_id_metodo_pago_fkey; Type: FK CONSTRAINT; Schema: public; Owner: postgres
--

ALTER TABLE ONLY public.pago
    ADD CONSTRAINT pago_id_metodo_pago_fkey FOREIGN KEY (id_metodo_pago) REFERENCES public.metodo_pago(id_metodo_pago);


--
-- TOC entry 4951 (class 2606 OID 16594)
-- Name: pedido pedido_cedula_cliente_fkey; Type: FK CONSTRAINT; Schema: public; Owner: postgres
--

ALTER TABLE ONLY public.pedido
    ADD CONSTRAINT pedido_cedula_cliente_fkey FOREIGN KEY (cedula_cliente) REFERENCES public.cliente(cedula_cliente);


--
-- TOC entry 4952 (class 2606 OID 16574)
-- Name: pedido pedido_id_empleado_fkey; Type: FK CONSTRAINT; Schema: public; Owner: postgres
--

ALTER TABLE ONLY public.pedido
    ADD CONSTRAINT pedido_id_empleado_fkey FOREIGN KEY (id_empleado) REFERENCES public.empleado(cedula_empleado);


--
-- TOC entry 4953 (class 2606 OID 16584)
-- Name: pedido pedido_id_factura_fkey; Type: FK CONSTRAINT; Schema: public; Owner: postgres
--

ALTER TABLE ONLY public.pedido
    ADD CONSTRAINT pedido_id_factura_fkey FOREIGN KEY (id_factura) REFERENCES public.factura(id_factura);


--
-- TOC entry 4954 (class 2606 OID 16579)
-- Name: pedido pedido_id_mesa_fkey; Type: FK CONSTRAINT; Schema: public; Owner: postgres
--

ALTER TABLE ONLY public.pedido
    ADD CONSTRAINT pedido_id_mesa_fkey FOREIGN KEY (id_mesa) REFERENCES public.mesa(id_mesa);


--
-- TOC entry 4955 (class 2606 OID 16589)
-- Name: pedido pedido_id_plataforma_fkey; Type: FK CONSTRAINT; Schema: public; Owner: postgres
--

ALTER TABLE ONLY public.pedido
    ADD CONSTRAINT pedido_id_plataforma_fkey FOREIGN KEY (id_plataforma) REFERENCES public.plataforma_domicilio(id_plataforma);


--
-- TOC entry 4966 (class 2606 OID 16691)
-- Name: pedido_proveedor pedido_proveedor_nit_proveedor_fkey; Type: FK CONSTRAINT; Schema: public; Owner: postgres
--

ALTER TABLE ONLY public.pedido_proveedor
    ADD CONSTRAINT pedido_proveedor_nit_proveedor_fkey FOREIGN KEY (nit_proveedor) REFERENCES public.proveedor(nit_proveedor);


--
-- TOC entry 4950 (class 2606 OID 16559)
-- Name: producto producto_id_categoria_fkey; Type: FK CONSTRAINT; Schema: public; Owner: postgres
--

ALTER TABLE ONLY public.producto
    ADD CONSTRAINT producto_id_categoria_fkey FOREIGN KEY (id_categoria) REFERENCES public.categoria(id_categoria);


--
-- TOC entry 4958 (class 2606 OID 16629)
-- Name: producto_ingrediente producto_ingrediente_id_ingrediente_fkey; Type: FK CONSTRAINT; Schema: public; Owner: postgres
--

ALTER TABLE ONLY public.producto_ingrediente
    ADD CONSTRAINT producto_ingrediente_id_ingrediente_fkey FOREIGN KEY (id_ingrediente) REFERENCES public.ingrediente(id_ingrediente);


--
-- TOC entry 4959 (class 2606 OID 16624)
-- Name: producto_ingrediente producto_ingrediente_id_producto_fkey; Type: FK CONSTRAINT; Schema: public; Owner: postgres
--

ALTER TABLE ONLY public.producto_ingrediente
    ADD CONSTRAINT producto_ingrediente_id_producto_fkey FOREIGN KEY (id_producto) REFERENCES public.producto(id_producto);


--
-- TOC entry 4944 (class 2606 OID 16497)
-- Name: reserva reserva_cedula_cliente_fkey; Type: FK CONSTRAINT; Schema: public; Owner: postgres
--

ALTER TABLE ONLY public.reserva
    ADD CONSTRAINT reserva_cedula_cliente_fkey FOREIGN KEY (cedula_cliente) REFERENCES public.cliente(cedula_cliente);


--
-- TOC entry 4945 (class 2606 OID 16502)
-- Name: reserva reserva_id_mesa_fkey; Type: FK CONSTRAINT; Schema: public; Owner: postgres
--

ALTER TABLE ONLY public.reserva
    ADD CONSTRAINT reserva_id_mesa_fkey FOREIGN KEY (id_mesa) REFERENCES public.mesa(id_mesa);


-- Completed on 2026-07-10 22:11:38

--
-- PostgreSQL database dump complete
--

\unrestrict 4CAwaZcalTEr00wfqBp7R4QTmcRgtfj77SgCnYcV85s5drqTbwriWZd13e9IuQw

